[25Feb2025 17:23:12.941] [main/INFO] [cpw.mods.modlauncher.Launcher/MODLAUNCHER]: ModLauncher running: args [--launchTarget, forgeserver, --fml.forgeVersion, 47.3.7, --fml.mcVersion, 1.20.1, --fml.forgeGroup, net.minecraftforge, --fml.mcpVersion, 20230612.114412, nogui]
[25Feb2025 17:23:12.974] [main/INFO] [cpw.mods.modlauncher.Launcher/MODLAUNCHER]: ModLauncher 10.0.9+10.0.9+main.dcd20f30 starting: java version 17.0.13 by Ubuntu; OS Linux arch amd64 version 6.5.0-1025-azure
[25Feb2025 17:23:13.950] [main/INFO] [net.minecraftforge.fml.loading.ImmediateWindowHandler/]: ImmediateWindowProvider not loading because launch target is forgeserver
[25Feb2025 17:23:14.202] [main/INFO] [mixin/]: SpongePowered MIXIN Subsystem Version=0.8.5 Source=union:/workspaces/Dechillxd/servidor_minecraft/libraries/org/spongepowered/mixin/0.8.5/mixin-0.8.5.jar%2365!/ Service=ModLauncher Env=SERVER
[25Feb2025 17:23:14.999] [main/WARN] [net.minecraftforge.fml.loading.moddiscovery.ModFileParser/LOADING]: Mod file /workspaces/Dechillxd/servidor_minecraft/libraries/net/minecraftforge/fmlcore/1.20.1-47.3.7/fmlcore-1.20.1-47.3.7.jar is missing mods.toml file
[25Feb2025 17:23:15.003] [main/WARN] [net.minecraftforge.fml.loading.moddiscovery.ModFileParser/LOADING]: Mod file /workspaces/Dechillxd/servidor_minecraft/libraries/net/minecraftforge/javafmllanguage/1.20.1-47.3.7/javafmllanguage-1.20.1-47.3.7.jar is missing mods.toml file
[25Feb2025 17:23:15.004] [main/WARN] [net.minecraftforge.fml.loading.moddiscovery.ModFileParser/LOADING]: Mod file /workspaces/Dechillxd/servidor_minecraft/libraries/net/minecraftforge/lowcodelanguage/1.20.1-47.3.7/lowcodelanguage-1.20.1-47.3.7.jar is missing mods.toml file
[25Feb2025 17:23:15.009] [main/WARN] [net.minecraftforge.fml.loading.moddiscovery.ModFileParser/LOADING]: Mod file /workspaces/Dechillxd/servidor_minecraft/libraries/net/minecraftforge/mclanguage/1.20.1-47.3.7/mclanguage-1.20.1-47.3.7.jar is missing mods.toml file
[25Feb2025 17:23:15.285] [main/INFO] [net.minecraftforge.fml.loading.moddiscovery.JarInJarDependencyLocator/]: Found 1 dependencies adding them to mods collection
[25Feb2025 17:23:19.938] [main/INFO] [mixin/]: Compatibility level set to JAVA_17
[25Feb2025 17:23:20.318] [main/INFO] [mixin/]: Successfully loaded Mixin Connector [com.sonicether.soundphysics.MixinConnector]
[25Feb2025 17:23:20.323] [main/INFO] [cpw.mods.modlauncher.LaunchServiceHandler/MODLAUNCHER]: Launching target 'forgeserver' with arguments [nogui]
[25Feb2025 17:23:20.379] [main/INFO] [fpsreducer/]: OptiFine was NOT detected.
[25Feb2025 17:23:20.381] [main/INFO] [fpsreducer/]: OptiFabric was NOT detected.
[25Feb2025 17:23:42.473] [modloading-worker-0/INFO] [com.cupboard.Cupboard/]: Loaded config for: cupboard.json
[25Feb2025 17:23:43.322] [modloading-worker-0/INFO] [net.minecraftforge.common.ForgeMod/FORGEMOD]: Forge mod loading, version 47.3.7, for MC 1.20.1 with MCP 20230612.114412
[25Feb2025 17:23:43.322] [modloading-worker-0/INFO] [net.minecraftforge.common.MinecraftForge/FORGE]: MinecraftForge v47.3.7 Initialized
[25Feb2025 17:23:46.367] [main/INFO] [com.tiviacz.travelersbackpack.TravelersBackpack/]: Registered the FluidEffect with Unique ID of minecraft:water for Water (Fluid Amount Required: 1000) with the ID 0
[25Feb2025 17:23:46.368] [main/INFO] [com.tiviacz.travelersbackpack.TravelersBackpack/]: Registered the FluidEffect with Unique ID of minecraft:lava for Lava (Fluid Amount Required: 1000) with the ID 1
[25Feb2025 17:23:46.369] [main/INFO] [com.tiviacz.travelersbackpack.TravelersBackpack/]: Registered the FluidEffect with Unique ID of travelersbackpack:potion for Uncraftable Potion (Fluid Amount Required: 250) with the ID 2
[25Feb2025 17:23:46.382] [main/INFO] [com.tiviacz.travelersbackpack.TravelersBackpack/]: Registered the FluidEffect with Unique ID of minecraft:milk for Milk (Fluid Amount Required: 1000) with the ID 3
[25Feb2025 17:23:47.496] [Forge Version Check/INFO] [net.minecraftforge.fml.VersionChecker/]: [tombstone] Starting version check at https://raw.githubusercontent.com/Corail31/tombstone_lite/master/update.json
[25Feb2025 17:23:48.466] [Forge Version Check/INFO] [net.minecraftforge.fml.VersionChecker/]: [tombstone] Found status: OUTDATED Current: 8.8.6 Target: 8.9.0
[25Feb2025 17:23:48.470] [Forge Version Check/INFO] [net.minecraftforge.fml.VersionChecker/]: [forge] Starting version check at https://files.minecraftforge.net/net/minecraftforge/forge/promotions_slim.json
[25Feb2025 17:23:48.806] [Forge Version Check/INFO] [net.minecraftforge.fml.VersionChecker/]: [forge] Found status: OUTDATED Current: 47.3.7 Target: 47.3.33
[25Feb2025 17:23:48.808] [Forge Version Check/INFO] [net.minecraftforge.fml.VersionChecker/]: [sound_physics_remastered] Starting version check at https://update.maxhenkel.de/forge/sound_physics_remastered
[25Feb2025 17:23:49.410] [Forge Version Check/INFO] [net.minecraftforge.fml.VersionChecker/]: [sound_physics_remastered] Found status: AHEAD Current: 1.20.1-1.4.8 Target: null
[25Feb2025 17:23:49.410] [Forge Version Check/INFO] [net.minecraftforge.fml.VersionChecker/]: [travelersbackpack] Starting version check at https://gist.githubusercontent.com/Tiviacz1337/906937677aa472285dff9d6c2a189d5e/raw
[25Feb2025 17:23:49.573] [Forge Version Check/INFO] [net.minecraftforge.fml.VersionChecker/]: [travelersbackpack] Found status: OUTDATED Current: 9.1.15 Target: 9.1.16
[25Feb2025 17:23:53.631] [main/INFO] [com.mojang.authlib.yggdrasil.YggdrasilAuthenticationService/]: Environment: authHost='https://authserver.mojang.com', accountsHost='https://api.mojang.com', sessionHost='https://sessionserver.mojang.com', servicesHost='https://api.minecraftservices.com', name='PROD'
[25Feb2025 17:23:57.234] [main/WARN] [net.minecraft.server.packs.VanillaPackResourcesBuilder/]: Assets URL 'union:/workspaces/Dechillxd/servidor_minecraft/libraries/net/minecraft/server/1.20.1-20230612.114412/server-1.20.1-20230612.114412-srg.jar%23143!/assets/.mcassetsroot' uses unexpected schema
[25Feb2025 17:23:57.243] [main/WARN] [net.minecraft.server.packs.VanillaPackResourcesBuilder/]: Assets URL 'union:/workspaces/Dechillxd/servidor_minecraft/libraries/net/minecraft/server/1.20.1-20230612.114412/server-1.20.1-20230612.114412-srg.jar%23143!/data/.mcassetsroot' uses unexpected schema
[25Feb2025 17:24:03.706] [main/INFO] [net.minecraft.world.item.crafting.RecipeManager/]: Loaded 7 recipes
[25Feb2025 17:24:04.000] [main/ERROR] [net.minecraft.server.ServerAdvancementManager/]: Parsing error loading custom advancement ashes1ashes:crash: Expected item to be an item, was unknown string 'minecraft:player_wall_head'
[25Feb2025 17:24:04.065] [main/INFO] [net.minecraft.advancements.AdvancementList/]: Loaded 1560 advancements
[25Feb2025 17:24:05.375] [Server thread/INFO] [net.minecraft.server.dedicated.DedicatedServer/]: Starting minecraft server version 1.20.1
[25Feb2025 17:24:05.376] [Server thread/INFO] [net.minecraft.server.dedicated.DedicatedServer/]: Loading properties
[25Feb2025 17:24:05.376] [Server thread/INFO] [net.minecraft.server.dedicated.DedicatedServer/]: Default game type: SURVIVAL
[25Feb2025 17:24:05.377] [Server thread/INFO] [net.minecraft.server.MinecraftServer/]: Generating keypair
[25Feb2025 17:24:06.012] [Server thread/INFO] [net.minecraft.server.dedicated.DedicatedServer/]: Starting Minecraft server on *:25565
[25Feb2025 17:24:06.095] [Server thread/INFO] [net.minecraft.server.network.ServerConnectionListener/]: Using epoll channel type
[25Feb2025 17:24:06.318] [Server thread/WARN] [net.minecraft.server.dedicated.DedicatedServer/]: **** SERVER IS RUNNING IN OFFLINE/INSECURE MODE!
[25Feb2025 17:24:06.318] [Server thread/WARN] [net.minecraft.server.dedicated.DedicatedServer/]: The server will make no attempt to authenticate usernames. Beware.
[25Feb2025 17:24:06.318] [Server thread/WARN] [net.minecraft.server.dedicated.DedicatedServer/]: While this makes the game possible to play without internet access, it also opens up the ability for hackers to connect with any username they choose.
[25Feb2025 17:24:06.319] [Server thread/WARN] [net.minecraft.server.dedicated.DedicatedServer/]: To change this, set "online-mode" to "true" in the server.properties file.
[25Feb2025 17:24:06.415] [Thread-1/INFO] [de.cadentem.cave_dweller.CaveDweller/]: Server configuration has been reloaded
[25Feb2025 17:24:06.742] [Server thread/INFO] [net.minecraft.server.dedicated.DedicatedServer/]: Preparing level "world"
[25Feb2025 17:24:19.122] [Server thread/INFO] [net.minecraft.server.MinecraftServer/]: Preparing start region for dimension minecraft:overworld
[25Feb2025 17:24:25.152] [Worker-Main-1/INFO] [net.minecraft.server.level.progress.LoggerChunkProgressListener/]: Preparing spawn area: 0%
[25Feb2025 17:24:25.456] [Worker-Main-1/INFO] [net.minecraft.server.level.progress.LoggerChunkProgressListener/]: Preparing spawn area: 0%
[25Feb2025 17:24:25.598] [Worker-Main-1/INFO] [net.minecraft.server.level.progress.LoggerChunkProgressListener/]: Preparing spawn area: 0%
[25Feb2025 17:24:25.603] [Worker-Main-1/INFO] [net.minecraft.server.level.progress.LoggerChunkProgressListener/]: Preparing spawn area: 0%
[25Feb2025 17:24:25.696] [Worker-Main-1/INFO] [net.minecraft.server.level.progress.LoggerChunkProgressListener/]: Preparing spawn area: 0%
[25Feb2025 17:24:25.751] [Worker-Main-1/INFO] [net.minecraft.server.level.progress.LoggerChunkProgressListener/]: Preparing spawn area: 0%
[25Feb2025 17:24:25.786] [Worker-Main-1/INFO] [net.minecraft.server.level.progress.LoggerChunkProgressListener/]: Preparing spawn area: 0%
[25Feb2025 17:24:25.805] [Worker-Main-1/INFO] [net.minecraft.server.level.progress.LoggerChunkProgressListener/]: Preparing spawn area: 0%
[25Feb2025 17:24:25.833] [Worker-Main-1/INFO] [net.minecraft.server.level.progress.LoggerChunkProgressListener/]: Preparing spawn area: 0%
[25Feb2025 17:24:25.916] [Worker-Main-1/INFO] [net.minecraft.server.level.progress.LoggerChunkProgressListener/]: Preparing spawn area: 0%
[25Feb2025 17:24:25.933] [Worker-Main-1/INFO] [net.minecraft.server.level.progress.LoggerChunkProgressListener/]: Preparing spawn area: 0%
[25Feb2025 17:24:25.934] [Worker-Main-1/INFO] [net.minecraft.server.level.progress.LoggerChunkProgressListener/]: Preparing spawn area: 0%
[25Feb2025 17:24:25.974] [Worker-Main-1/INFO] [net.minecraft.server.level.progress.LoggerChunkProgressListener/]: Preparing spawn area: 0%
[25Feb2025 17:24:26.060] [Worker-Main-1/INFO] [net.minecraft.server.level.progress.LoggerChunkProgressListener/]: Preparing spawn area: 0%
[25Feb2025 17:24:26.881] [Worker-Main-1/INFO] [net.minecraft.server.level.progress.LoggerChunkProgressListener/]: Preparing spawn area: 0%
[25Feb2025 17:24:26.883] [Worker-Main-1/INFO] [net.minecraft.server.level.progress.LoggerChunkProgressListener/]: Preparing spawn area: 0%
[25Feb2025 17:24:27.211] [Worker-Main-1/INFO] [net.minecraft.server.level.progress.LoggerChunkProgressListener/]: Preparing spawn area: 0%
[25Feb2025 17:24:27.720] [Worker-Main-1/INFO] [net.minecraft.server.level.progress.LoggerChunkProgressListener/]: Preparing spawn area: 0%
[25Feb2025 17:24:28.204] [Worker-Main-1/INFO] [net.minecraft.server.level.progress.LoggerChunkProgressListener/]: Preparing spawn area: 0%
[25Feb2025 17:24:28.627] [Worker-Main-1/INFO] [net.minecraft.server.level.progress.LoggerChunkProgressListener/]: Preparing spawn area: 0%
[25Feb2025 17:24:29.126] [Worker-Main-1/INFO] [net.minecraft.server.level.progress.LoggerChunkProgressListener/]: Preparing spawn area: 0%
[25Feb2025 17:24:29.648] [Worker-Main-1/INFO] [net.minecraft.server.level.progress.LoggerChunkProgressListener/]: Preparing spawn area: 0%
[25Feb2025 17:24:30.569] [Worker-Main-1/INFO] [net.minecraft.server.level.progress.LoggerChunkProgressListener/]: Preparing spawn area: 0%
[25Feb2025 17:24:30.658] [Worker-Main-1/INFO] [net.minecraft.server.level.progress.LoggerChunkProgressListener/]: Preparing spawn area: 0%
[25Feb2025 17:24:31.154] [Worker-Main-1/INFO] [net.minecraft.server.level.progress.LoggerChunkProgressListener/]: Preparing spawn area: 0%
[25Feb2025 17:24:31.634] [Worker-Main-1/INFO] [net.minecraft.server.level.progress.LoggerChunkProgressListener/]: Preparing spawn area: 0%
[25Feb2025 17:24:32.127] [Worker-Main-1/INFO] [net.minecraft.server.level.progress.LoggerChunkProgressListener/]: Preparing spawn area: 0%
[25Feb2025 17:24:32.750] [Worker-Main-1/INFO] [net.minecraft.server.level.progress.LoggerChunkProgressListener/]: Preparing spawn area: 0%
[25Feb2025 17:24:33.126] [Worker-Main-1/INFO] [net.minecraft.server.level.progress.LoggerChunkProgressListener/]: Preparing spawn area: 0%
[25Feb2025 17:24:33.648] [Worker-Main-1/INFO] [net.minecraft.server.level.progress.LoggerChunkProgressListener/]: Preparing spawn area: 0%
[25Feb2025 17:24:34.127] [Worker-Main-1/INFO] [net.minecraft.server.level.progress.LoggerChunkProgressListener/]: Preparing spawn area: 0%
[25Feb2025 17:24:34.632] [Worker-Main-1/INFO] [net.minecraft.server.level.progress.LoggerChunkProgressListener/]: Preparing spawn area: 0%
[25Feb2025 17:24:35.128] [Worker-Main-1/INFO] [net.minecraft.server.level.progress.LoggerChunkProgressListener/]: Preparing spawn area: 0%
[25Feb2025 17:24:35.646] [Worker-Main-1/INFO] [net.minecraft.server.level.progress.LoggerChunkProgressListener/]: Preparing spawn area: 1%
[25Feb2025 17:24:36.543] [Server thread/INFO] [net.minecraft.server.level.progress.LoggerChunkProgressListener/]: Time elapsed: 17418 ms
[25Feb2025 17:24:36.547] [Server thread/INFO] [net.minecraft.server.dedicated.DedicatedServer/]: Done (30.164s)! For help, type "help"
[25Feb2025 17:24:36.654] [Server thread/INFO] [net.minecraftforge.server.permission.PermissionAPI/]: Successfully initialized permission handler forge:default_handler
[25Feb2025 17:24:36.661] [Server thread/INFO] [com.cupboard.Cupboard/]: Loaded config for: betterfpsdist.json
[25Feb2025 17:25:43.787] [Server thread/INFO] [net.minecraft.server.players.PlayerList/]: Eduardo25445[/127.141.155.82:33481] logged in with entity id 279 at (1170.8114509529037, 132.5, -2280.1211124580686)
[25Feb2025 17:25:44.029] [Server thread/INFO] [net.minecraft.server.MinecraftServer/]: Eduardo25445 joined the game
[25Feb2025 17:25:44.493] [Server thread/INFO] [net.minecraft.server.network.ServerGamePacketListenerImpl/]: Eduardo25445 lost connection: Disconnected
[25Feb2025 17:25:44.495] [Server thread/INFO] [net.minecraft.server.MinecraftServer/]: Eduardo25445 left the game
[25Feb2025 17:25:44.580] [Server thread/WARN] [net.minecraft.network.Connection/]: handleDisconnection() called twice
[25Feb2025 17:25:51.275] [Server thread/INFO] [net.minecraft.server.players.PlayerList/]: Eduardo25445[/127.141.155.82:48163] logged in with entity id 280 at (1170.8114509529037, 132.5, -2280.1211124580686)
[25Feb2025 17:25:51.336] [Server thread/INFO] [net.minecraft.server.MinecraftServer/]: Eduardo25445 joined the game
[25Feb2025 17:25:55.092] [Server thread/INFO] [net.minecraft.server.network.ServerGamePacketListenerImpl/]: Eduardo25445 lost connection: Disconnected
[25Feb2025 17:25:55.093] [Server thread/INFO] [net.minecraft.server.MinecraftServer/]: Eduardo25445 left the game
[25Feb2025 17:25:55.202] [Server thread/WARN] [net.minecraft.server.MinecraftServer/]: Can't keep up! Is the server overloaded? Running 3889ms or 77 ticks behind
[25Feb2025 17:25:55.278] [Server thread/WARN] [net.minecraft.network.Connection/]: handleDisconnection() called twice
[25Feb2025 17:27:27.589] [Server thread/INFO] [net.minecraft.server.players.PlayerList/]: Eduardo25445[/127.141.155.82:55891] logged in with entity id 305 at (1170.8114509529037, 132.5, -2280.1211124580686)
[25Feb2025 17:27:27.643] [Server thread/INFO] [net.minecraft.server.MinecraftServer/]: Eduardo25445 joined the game
[25Feb2025 17:27:30.070] [Server thread/WARN] [net.minecraft.server.MinecraftServer/]: Can't keep up! Is the server overloaded? Running 2007ms or 40 ticks behind
[25Feb2025 17:27:32.054] [Server thread/WARN] [net.minecraft.server.level.ServerLevel/]: Tried to add entity the_anomaly:anomaly_viewer but it was marked as removed already
[25Feb2025 17:27:44.359] [Server thread/WARN] [net.minecraft.server.level.ServerLevel/]: Tried to add entity the_anomaly:anomaly_viewer but it was marked as removed already
[25Feb2025 17:27:44.578] [Server thread/WARN] [net.minecraft.server.level.ServerLevel/]: Tried to add entity the_anomaly:anomaly_viewer but it was marked as removed already
[25Feb2025 17:27:45.843] [Server thread/WARN] [net.minecraft.server.level.ServerLevel/]: Tried to add entity the_anomaly:anomaly_escape but it was marked as removed already
[25Feb2025 17:27:47.404] [Server thread/WARN] [net.minecraft.server.level.ServerLevel/]: Tried to add entity the_anomaly:anomaly_viewer but it was marked as removed already
[25Feb2025 17:27:50.397] [Server thread/WARN] [net.minecraft.server.level.ServerLevel/]: Tried to add entity the_anomaly:anomaly_trap but it was marked as removed already
[25Feb2025 17:27:50.504] [Server thread/WARN] [net.minecraft.server.level.ServerLevel/]: Tried to add entity the_anomaly:anomaly_trap but it was marked as removed already
[25Feb2025 17:27:50.966] [Server thread/WARN] [net.minecraft.server.level.ServerLevel/]: Tried to add entity the_anomaly:anomaly_trap but it was marked as removed already
[25Feb2025 17:27:50.967] [Server thread/WARN] [net.minecraft.server.level.ServerLevel/]: Tried to add entity the_anomaly:anomaly_escape but it was marked as removed already
[25Feb2025 17:27:51.165] [Server thread/WARN] [net.minecraft.server.level.ServerLevel/]: Tried to add entity the_anomaly:anomaly_escape but it was marked as removed already
[25Feb2025 17:27:51.216] [Server thread/WARN] [net.minecraft.server.level.ServerLevel/]: Tried to add entity the_anomaly:anomaly_viewer but it was marked as removed already
[25Feb2025 17:27:51.567] [Server thread/WARN] [net.minecraft.server.level.ServerLevel/]: Tried to add entity the_anomaly:anomaly_trap but it was marked as removed already
[25Feb2025 17:27:52.118] [Server thread/WARN] [net.minecraft.server.level.ServerLevel/]: Tried to add entity the_anomaly:anomaly_trap but it was marked as removed already
[25Feb2025 17:27:52.464] [Server thread/WARN] [net.minecraft.server.level.ServerLevel/]: Tried to add entity the_anomaly:anomaly_trap but it was marked as removed already
[25Feb2025 17:27:53.016] [Server thread/WARN] [net.minecraft.server.level.ServerLevel/]: Tried to add entity the_anomaly:anomaly_trap but it was marked as removed already
[25Feb2025 17:27:53.117] [Server thread/WARN] [net.minecraft.server.level.ServerLevel/]: Tried to add entity the_anomaly:anomaly_trap but it was marked as removed already
[25Feb2025 17:27:53.165] [Server thread/WARN] [net.minecraft.server.level.ServerLevel/]: Tried to add entity the_anomaly:anomaly_trap but it was marked as removed already
[25Feb2025 17:27:53.916] [Server thread/WARN] [net.minecraft.server.level.ServerLevel/]: Tried to add entity the_anomaly:anomaly_escape but it was marked as removed already
[25Feb2025 17:27:54.165] [Server thread/WARN] [net.minecraft.server.level.ServerLevel/]: Tried to add entity the_anomaly:anomaly_escape but it was marked as removed already
[25Feb2025 17:27:54.564] [Server thread/WARN] [net.minecraft.server.level.ServerLevel/]: Tried to add entity the_anomaly:anomaly_viewer but it was marked as removed already
[25Feb2025 17:27:54.866] [Server thread/WARN] [net.minecraft.server.level.ServerLevel/]: Tried to add entity the_anomaly:anomaly_viewer but it was marked as removed already
[25Feb2025 17:27:55.564] [Server thread/WARN] [net.minecraft.server.level.ServerLevel/]: Tried to add entity the_anomaly:anomaly_viewer but it was marked as removed already
[25Feb2025 17:27:58.065] [Server thread/WARN] [net.minecraft.server.level.ServerLevel/]: Tried to add entity the_anomaly:anomaly_trap but it was marked as removed already
[25Feb2025 17:27:58.664] [Server thread/WARN] [net.minecraft.server.level.ServerLevel/]: Tried to add entity the_anomaly:anomaly_trap but it was marked as removed already
[25Feb2025 17:27:58.765] [Server thread/WARN] [net.minecraft.server.level.ServerLevel/]: Tried to add entity the_anomaly:anomaly_escape but it was marked as removed already
[25Feb2025 17:28:02.164] [Server thread/WARN] [net.minecraft.server.level.ServerLevel/]: Tried to add entity the_anomaly:anomaly_trap but it was marked as removed already
[25Feb2025 17:28:04.016] [Server thread/WARN] [net.minecraft.server.level.ServerLevel/]: Tried to add entity the_anomaly:anomaly_viewer but it was marked as removed already
[25Feb2025 17:28:05.625] [Server thread/WARN] [net.minecraft.server.MinecraftServer/]: Can't keep up! Is the server overloaded? Running 2612ms or 52 ticks behind
[25Feb2025 17:28:06.095] [Server thread/WARN] [net.minecraft.server.level.ServerLevel/]: Tried to add entity the_anomaly:anomaly_viewer but it was marked as removed already
[25Feb2025 17:28:06.209] [Server thread/WARN] [net.minecraft.server.level.ServerLevel/]: Tried to add entity the_anomaly:anomaly_escape but it was marked as removed already
[25Feb2025 17:28:06.943] [Server thread/WARN] [net.minecraft.server.level.ServerLevel/]: Tried to add entity the_anomaly:anomaly_trap but it was marked as removed already
[25Feb2025 17:28:06.944] [Server thread/WARN] [net.minecraft.server.level.ServerLevel/]: Tried to add entity the_anomaly:anomaly_trap but it was marked as removed already
[25Feb2025 17:28:07.006] [Server thread/WARN] [net.minecraft.server.level.ServerLevel/]: Tried to add entity the_anomaly:anomaly_escape but it was marked as removed already
[25Feb2025 17:28:07.120] [Server thread/WARN] [net.minecraft.server.level.ServerLevel/]: Tried to add entity the_anomaly:anomaly_viewer but it was marked as removed already
[25Feb2025 17:28:07.466] [Server thread/WARN] [net.minecraft.server.level.ServerLevel/]: Tried to add entity the_anomaly:anomaly_escape but it was marked as removed already
[25Feb2025 17:28:08.815] [Server thread/WARN] [net.minecraft.server.level.ServerLevel/]: Tried to add entity the_anomaly:anomaly_escape but it was marked as removed already
[25Feb2025 17:28:10.365] [Server thread/WARN] [net.minecraft.server.level.ServerLevel/]: Tried to add entity the_anomaly:anomaly_escape but it was marked as removed already
[25Feb2025 17:28:13.566] [Server thread/WARN] [net.minecraft.server.level.ServerLevel/]: Tried to add entity the_anomaly:anomaly_viewer but it was marked as removed already
[25Feb2025 17:28:14.366] [Server thread/WARN] [net.minecraft.server.level.ServerLevel/]: Tried to add entity the_anomaly:anomaly_trap but it was marked as removed already
[25Feb2025 17:28:17.114] [Server thread/WARN] [net.minecraft.server.level.ServerLevel/]: Tried to add entity the_anomaly:anomaly_escape but it was marked as removed already
[25Feb2025 17:28:20.820] [Server thread/WARN] [net.minecraft.server.level.ServerLevel/]: Tried to add entity the_anomaly:anomaly_escape but it was marked as removed already
[25Feb2025 17:28:33.914] [Server thread/WARN] [net.minecraft.server.level.ServerLevel/]: Tried to add entity the_anomaly:anomaly_viewer but it was marked as removed already
[25Feb2025 17:28:35.964] [Server thread/WARN] [net.minecraft.server.level.ServerLevel/]: Tried to add entity the_anomaly:anomaly_escape but it was marked as removed already
[25Feb2025 17:28:36.664] [Server thread/WARN] [net.minecraft.server.level.ServerLevel/]: Tried to add entity the_anomaly:anomaly_escape but it was marked as removed already
[25Feb2025 17:28:51.214] [Server thread/WARN] [net.minecraft.server.level.ServerLevel/]: Tried to add entity the_anomaly:anomaly_escape but it was marked as removed already
[25Feb2025 17:28:56.564] [Server thread/WARN] [net.minecraft.server.level.ServerLevel/]: Tried to add entity the_anomaly:anomaly_trap but it was marked as removed already
[25Feb2025 17:28:57.514] [Server thread/WARN] [net.minecraft.server.level.ServerLevel/]: Tried to add entity the_anomaly:anomaly_trap but it was marked as removed already
[25Feb2025 17:29:00.465] [Server thread/WARN] [net.minecraft.server.level.ServerLevel/]: Tried to add entity the_anomaly:anomaly_escape but it was marked as removed already
[25Feb2025 17:29:01.364] [Server thread/WARN] [net.minecraft.server.level.ServerLevel/]: Tried to add entity the_anomaly:anomaly_viewer but it was marked as removed already
[25Feb2025 17:29:05.664] [Server thread/WARN] [net.minecraft.server.level.ServerLevel/]: Tried to add entity the_anomaly:anomaly_trap but it was marked as removed already
[25Feb2025 17:29:06.014] [Server thread/WARN] [net.minecraft.server.level.ServerLevel/]: Tried to add entity the_anomaly:anomaly_viewer but it was marked as removed already
[25Feb2025 17:29:06.513] [Server thread/WARN] [net.minecraft.server.level.ServerLevel/]: Tried to add entity the_anomaly:anomaly_escape but it was marked as removed already
[25Feb2025 17:29:06.764] [Server thread/WARN] [net.minecraft.server.level.ServerLevel/]: Tried to add entity the_anomaly:anomaly_escape but it was marked as removed already
[25Feb2025 17:29:11.164] [Server thread/WARN] [net.minecraft.server.level.ServerLevel/]: Tried to add entity the_anomaly:anomaly_viewer but it was marked as removed already
[25Feb2025 17:29:16.214] [Server thread/WARN] [net.minecraft.server.level.ServerLevel/]: Tried to add entity the_anomaly:anomaly_trap but it was marked as removed already
[25Feb2025 17:29:18.513] [Server thread/WARN] [net.minecraft.server.level.ServerLevel/]: Tried to add entity the_anomaly:anomaly_escape but it was marked as removed already
[25Feb2025 17:29:18.614] [Server thread/WARN] [net.minecraft.server.level.ServerLevel/]: Tried to add entity the_anomaly:anomaly_escape but it was marked as removed already
[25Feb2025 17:29:19.464] [Server thread/WARN] [net.minecraft.server.level.ServerLevel/]: Tried to add entity the_anomaly:anomaly_trap but it was marked as removed already
[25Feb2025 17:29:19.514] [Server thread/WARN] [net.minecraft.server.level.ServerLevel/]: Tried to add entity the_anomaly:anomaly_trap but it was marked as removed already
[25Feb2025 17:29:19.515] [Server thread/WARN] [net.minecraft.server.level.ServerLevel/]: Tried to add entity the_anomaly:anomaly_viewer but it was marked as removed already
[25Feb2025 17:29:19.714] [Server thread/WARN] [net.minecraft.server.level.ServerLevel/]: Tried to add entity the_anomaly:anomaly_escape but it was marked as removed already
[25Feb2025 17:29:25.367] [Server thread/WARN] [net.minecraft.server.level.ServerLevel/]: Tried to add entity the_anomaly:anomaly_viewer but it was marked as removed already
[25Feb2025 17:29:34.264] [Server thread/WARN] [net.minecraft.server.level.ServerLevel/]: Tried to add entity the_anomaly:anomaly_viewer but it was marked as removed already
[25Feb2025 17:29:34.314] [Server thread/WARN] [net.minecraft.server.level.ServerLevel/]: Tried to add entity the_anomaly:anomaly_viewer but it was marked as removed already
[25Feb2025 17:29:35.414] [Server thread/WARN] [net.minecraft.server.level.ServerLevel/]: Tried to add entity the_anomaly:anomaly_trap but it was marked as removed already
[25Feb2025 17:29:35.464] [Server thread/WARN] [net.minecraft.server.level.ServerLevel/]: Tried to add entity the_anomaly:anomaly_trap but it was marked as removed already
[25Feb2025 17:29:36.714] [Server thread/WARN] [net.minecraft.server.level.ServerLevel/]: Tried to add entity the_anomaly:anomaly_escape but it was marked as removed already
[25Feb2025 17:29:39.514] [Server thread/WARN] [net.minecraft.server.level.ServerLevel/]: Tried to add entity the_anomaly:anomaly_trap but it was marked as removed already
[25Feb2025 17:29:39.814] [Server thread/WARN] [net.minecraft.server.level.ServerLevel/]: Tried to add entity the_anomaly:anomaly_trap but it was marked as removed already
[25Feb2025 17:29:43.363] [Server thread/WARN] [net.minecraft.server.level.ServerLevel/]: Tried to add entity the_anomaly:anomaly_escape but it was marked as removed already
[25Feb2025 17:29:43.563] [Server thread/WARN] [net.minecraft.server.level.ServerLevel/]: Tried to add entity the_anomaly:anomaly_viewer but it was marked as removed already
[25Feb2025 17:29:45.325] [Server thread/WARN] [net.minecraft.server.level.ServerLevel/]: Tried to add entity the_anomaly:anomaly_trap but it was marked as removed already
[25Feb2025 17:29:49.763] [Server thread/WARN] [net.minecraft.server.level.ServerLevel/]: Tried to add entity the_anomaly:anomaly_escape but it was marked as removed already
[25Feb2025 17:29:57.666] [Server thread/WARN] [net.minecraft.server.level.ServerLevel/]: Tried to add entity the_anomaly:anomaly_trap but it was marked as removed already
[25Feb2025 17:29:58.313] [Server thread/WARN] [net.minecraft.server.level.ServerLevel/]: Tried to add entity the_anomaly:anomaly_viewer but it was marked as removed already
[25Feb2025 17:30:02.014] [Server thread/WARN] [net.minecraft.server.level.ServerLevel/]: Tried to add entity the_anomaly:anomaly_viewer but it was marked as removed already
[25Feb2025 17:30:02.215] [Server thread/WARN] [net.minecraft.server.level.ServerLevel/]: Tried to add entity the_anomaly:anomaly_viewer but it was marked as removed already
[25Feb2025 17:30:03.414] [Server thread/WARN] [net.minecraft.server.level.ServerLevel/]: Tried to add entity the_anomaly:anomaly_escape but it was marked as removed already
[25Feb2025 17:30:07.264] [Server thread/WARN] [net.minecraft.server.level.ServerLevel/]: Tried to add entity the_anomaly:anomaly_escape but it was marked as removed already
[25Feb2025 17:30:07.314] [Server thread/WARN] [net.minecraft.server.level.ServerLevel/]: Tried to add entity the_anomaly:anomaly_trap but it was marked as removed already
[25Feb2025 17:30:07.664] [Server thread/WARN] [net.minecraft.server.level.ServerLevel/]: Tried to add entity the_anomaly:anomaly_trap but it was marked as removed already
[25Feb2025 17:30:07.665] [Server thread/WARN] [net.minecraft.server.level.ServerLevel/]: Tried to add entity the_anomaly:anomaly_trap but it was marked as removed already
[25Feb2025 17:30:08.763] [Server thread/WARN] [net.minecraft.server.level.ServerLevel/]: Tried to add entity the_anomaly:anomaly_viewer but it was marked as removed already
[25Feb2025 17:30:09.065] [Server thread/WARN] [net.minecraft.server.level.ServerLevel/]: Tried to add entity when_day_breaks:when_day_breaks_trigger but it was marked as removed already
[25Feb2025 17:30:10.014] [Server thread/WARN] [net.minecraft.server.level.ServerLevel/]: Tried to add entity the_anomaly:anomaly_escape but it was marked as removed already
[25Feb2025 17:30:10.015] [Server thread/WARN] [net.minecraft.server.level.ServerLevel/]: Tried to add entity the_anomaly:anomaly_viewer but it was marked as removed already
[25Feb2025 17:30:20.313] [Server thread/WARN] [net.minecraft.server.level.ServerLevel/]: Tried to add entity the_anomaly:anomaly_viewer but it was marked as removed already
[25Feb2025 17:30:21.064] [Server thread/WARN] [net.minecraft.server.level.ServerLevel/]: Tried to add entity the_anomaly:anomaly_escape but it was marked as removed already
[25Feb2025 17:30:36.714] [Server thread/WARN] [net.minecraft.server.level.ServerLevel/]: Tried to add entity the_anomaly:anomaly_viewer but it was marked as removed already
[25Feb2025 17:30:36.865] [Server thread/WARN] [net.minecraft.server.level.ServerLevel/]: Tried to add entity the_anomaly:anomaly_visitor_2 but it was marked as removed already
[25Feb2025 17:30:38.068] [Server thread/WARN] [net.minecraft.server.level.ServerLevel/]: Tried to add entity the_anomaly:anomaly_viewer but it was marked as removed already
[25Feb2025 17:30:38.564] [Server thread/WARN] [net.minecraft.server.level.ServerLevel/]: Tried to add entity the_anomaly:anomaly_viewer but it was marked as removed already
[25Feb2025 17:30:39.415] [Server thread/WARN] [net.minecraft.server.level.ServerLevel/]: Tried to add entity the_anomaly:anomaly_viewer but it was marked as removed already
[25Feb2025 17:30:49.764] [Server thread/WARN] [net.minecraft.server.level.ServerLevel/]: Tried to add entity the_anomaly:anomaly_viewer but it was marked as removed already
[25Feb2025 17:30:52.013] [Server thread/WARN] [net.minecraft.server.level.ServerLevel/]: Tried to add entity the_anomaly:anomaly_viewer but it was marked as removed already
[25Feb2025 17:30:57.514] [Server thread/WARN] [net.minecraft.server.level.ServerLevel/]: Tried to add entity the_anomaly:anomaly_viewer but it was marked as removed already
[25Feb2025 17:31:06.415] [Server thread/WARN] [net.minecraft.server.level.ServerLevel/]: Tried to add entity the_anomaly:anomaly_viewer but it was marked as removed already
[25Feb2025 17:31:09.415] [Server thread/WARN] [net.minecraft.server.level.ServerLevel/]: Tried to add entity the_anomaly:anomaly_viewer but it was marked as removed already
[25Feb2025 17:31:09.763] [Server thread/WARN] [net.minecraft.server.level.ServerLevel/]: Tried to add entity the_anomaly:anomaly_viewer but it was marked as removed already
[25Feb2025 17:31:11.614] [Server thread/WARN] [net.minecraft.server.level.ServerLevel/]: Tried to add entity the_anomaly:anomaly_viewer but it was marked as removed already
[25Feb2025 17:31:12.814] [Server thread/WARN] [net.minecraft.server.level.ServerLevel/]: Tried to add entity the_anomaly:anomaly_viewer but it was marked as removed already
[25Feb2025 17:31:15.714] [Server thread/WARN] [net.minecraft.server.level.ServerLevel/]: Tried to add entity the_anomaly:anomaly_escape but it was marked as removed already
[25Feb2025 17:31:19.864] [Server thread/WARN] [net.minecraft.server.level.ServerLevel/]: Tried to add entity the_anomaly:anomaly_viewer but it was marked as removed already
[25Feb2025 17:31:25.213] [Server thread/WARN] [net.minecraft.server.level.ServerLevel/]: Tried to add entity the_anomaly:anomaly_trap but it was marked as removed already
[25Feb2025 17:31:26.015] [Server thread/WARN] [net.minecraft.server.level.ServerLevel/]: Tried to add entity the_anomaly:anomaly_escape but it was marked as removed already
[25Feb2025 17:31:26.364] [Server thread/WARN] [net.minecraft.server.level.ServerLevel/]: Tried to add entity the_anomaly:anomaly_viewer but it was marked as removed already
[25Feb2025 17:31:29.816] [Server thread/WARN] [net.minecraft.server.level.ServerLevel/]: Tried to add entity the_anomaly:anomaly_trap but it was marked as removed already
[25Feb2025 17:31:29.963] [Server thread/WARN] [net.minecraft.server.level.ServerLevel/]: Tried to add entity the_anomaly:anomaly_escape but it was marked as removed already
[25Feb2025 17:31:31.064] [Server thread/WARN] [net.minecraft.server.level.ServerLevel/]: Tried to add entity the_anomaly:anomaly_trap but it was marked as removed already
[25Feb2025 17:31:32.290] [Server thread/INFO] [net.minecraft.server.MinecraftServer/]: [Eduardo25445: Set the time to 13000]
[25Feb2025 17:31:32.866] [Server thread/WARN] [net.minecraft.server.level.ServerLevel/]: Tried to add entity the_anomaly:anomaly_escape but it was marked as removed already
[25Feb2025 17:31:32.867] [Server thread/WARN] [net.minecraft.server.level.ServerLevel/]: Tried to add entity the_anomaly:anomaly_viewer but it was marked as removed already
[25Feb2025 17:31:35.063] [Server thread/WARN] [net.minecraft.server.level.ServerLevel/]: Tried to add entity the_anomaly:anomaly_escape but it was marked as removed already
[25Feb2025 17:31:35.115] [Server thread/WARN] [net.minecraft.server.level.ServerLevel/]: Tried to add entity the_anomaly:anomaly_visitor but it was marked as removed already
[25Feb2025 17:31:35.115] [Server thread/WARN] [net.minecraft.server.level.ServerLevel/]: Tried to add entity the_anomaly:anomaly_visitor but it was marked as removed already
[25Feb2025 17:31:35.163] [Server thread/WARN] [net.minecraft.server.level.ServerLevel/]: Tried to add entity the_anomaly:anomaly_escape but it was marked as removed already
[25Feb2025 17:31:35.164] [Server thread/WARN] [net.minecraft.server.level.ServerLevel/]: Tried to add entity the_anomaly:anomaly_viewer but it was marked as removed already
[25Feb2025 17:31:35.264] [Server thread/WARN] [net.minecraft.server.level.ServerLevel/]: Tried to add entity the_anomaly:anomaly_escape but it was marked as removed already
[25Feb2025 17:31:35.265] [Server thread/WARN] [net.minecraft.server.level.ServerLevel/]: Tried to add entity the_anomaly:anomaly_trap but it was marked as removed already
[25Feb2025 17:31:35.415] [Server thread/WARN] [net.minecraft.server.level.ServerLevel/]: Tried to add entity the_anomaly:anomaly_visitor_2 but it was marked as removed already
[25Feb2025 17:31:35.417] [Server thread/WARN] [net.minecraft.server.level.ServerLevel/]: Tried to add entity the_anomaly:anomaly_trap but it was marked as removed already
[25Feb2025 17:31:35.464] [Server thread/WARN] [net.minecraft.server.level.ServerLevel/]: Tried to add entity the_anomaly:anomaly_viewer but it was marked as removed already
[25Feb2025 17:31:35.513] [Server thread/WARN] [net.minecraft.server.level.ServerLevel/]: Tried to add entity the_anomaly:anomaly_viewer but it was marked as removed already
[25Feb2025 17:31:42.063] [Server thread/WARN] [net.minecraft.server.level.ServerLevel/]: Tried to add entity the_anomaly:anomaly_escape but it was marked as removed already
[25Feb2025 17:31:42.114] [Server thread/WARN] [net.minecraft.server.level.ServerLevel/]: Tried to add entity the_anomaly:anomaly_trap but it was marked as removed already
[25Feb2025 17:31:42.263] [Server thread/WARN] [net.minecraft.server.level.ServerLevel/]: Tried to add entity the_anomaly:anomaly_escape but it was marked as removed already
[25Feb2025 17:31:43.414] [Server thread/WARN] [net.minecraft.server.level.ServerLevel/]: Tried to add entity the_anomaly:anomaly_visitor_2 but it was marked as removed already
[25Feb2025 17:31:46.464] [Server thread/WARN] [net.minecraft.server.level.ServerLevel/]: Tried to add entity the_anomaly:anomaly_viewer but it was marked as removed already
[25Feb2025 17:31:48.114] [Server thread/WARN] [net.minecraft.server.level.ServerLevel/]: Tried to add entity the_anomaly:anomaly_viewer but it was marked as removed already
[25Feb2025 17:31:48.163] [Server thread/WARN] [net.minecraft.server.level.ServerLevel/]: Tried to add entity the_anomaly:anomaly_escape but it was marked as removed already
[25Feb2025 17:31:48.313] [Server thread/WARN] [net.minecraft.server.level.ServerLevel/]: Tried to add entity the_anomaly:anomaly_escape but it was marked as removed already
[25Feb2025 17:31:48.413] [Server thread/WARN] [net.minecraft.server.level.ServerLevel/]: Tried to add entity the_anomaly:anomaly_viewer but it was marked as removed already
[25Feb2025 17:31:49.115] [Server thread/WARN] [net.minecraft.server.level.ServerLevel/]: Tried to add entity the_anomaly:anomaly_escape but it was marked as removed already
[25Feb2025 17:31:50.065] [Server thread/WARN] [net.minecraft.server.level.ServerLevel/]: Tried to add entity the_anomaly:anomaly_trap but it was marked as removed already
[25Feb2025 17:31:50.115] [Server thread/WARN] [net.minecraft.server.level.ServerLevel/]: Tried to add entity the_anomaly:anomaly_escape but it was marked as removed already
[25Feb2025 17:31:50.318] [Server thread/WARN] [net.minecraft.server.level.ServerLevel/]: Tried to add entity the_anomaly:anomaly_viewer but it was marked as removed already
[25Feb2025 17:31:50.319] [Server thread/WARN] [net.minecraft.server.level.ServerLevel/]: Tried to add entity the_anomaly:anomaly_viewer but it was marked as removed already
[25Feb2025 17:31:50.417] [Server thread/WARN] [net.minecraft.server.level.ServerLevel/]: Tried to add entity the_anomaly:anomaly_escape but it was marked as removed already
[25Feb2025 17:31:50.666] [Server thread/WARN] [net.minecraft.server.level.ServerLevel/]: Tried to add entity the_anomaly:anomaly_visitor_2 but it was marked as removed already
[25Feb2025 17:31:50.666] [Server thread/WARN] [net.minecraft.server.level.ServerLevel/]: Tried to add entity the_anomaly:anomaly_escape but it was marked as removed already
[25Feb2025 17:31:50.714] [Server thread/WARN] [net.minecraft.server.level.ServerLevel/]: Tried to add entity the_anomaly:anomaly_viewer but it was marked as removed already
[25Feb2025 17:31:50.765] [Server thread/WARN] [net.minecraft.server.level.ServerLevel/]: Tried to add entity the_anomaly:anomaly_escape but it was marked as removed already
[25Feb2025 17:31:50.766] [Server thread/WARN] [net.minecraft.server.level.ServerLevel/]: Tried to add entity the_anomaly:anomaly_viewer but it was marked as removed already
[25Feb2025 17:31:51.566] [Server thread/WARN] [net.minecraft.server.level.ServerLevel/]: Tried to add entity the_anomaly:anomaly_visitor but it was marked as removed already
[25Feb2025 17:31:51.568] [Server thread/WARN] [net.minecraft.server.level.ServerLevel/]: Tried to add entity the_anomaly:anomaly_escape but it was marked as removed already
[25Feb2025 17:31:51.914] [Server thread/WARN] [net.minecraft.server.level.ServerLevel/]: Tried to add entity the_anomaly:anomaly_trap but it was marked as removed already
[25Feb2025 17:31:52.165] [Server thread/WARN] [net.minecraft.server.level.ServerLevel/]: Tried to add entity the_anomaly:anomaly_trap but it was marked as removed already
[25Feb2025 17:31:52.214] [Server thread/WARN] [net.minecraft.server.level.ServerLevel/]: Tried to add entity the_anomaly:anomaly_visitor_2 but it was marked as removed already
[25Feb2025 17:31:52.214] [Server thread/WARN] [net.minecraft.server.level.ServerLevel/]: Tried to add entity the_anomaly:anomaly_visitor_2 but it was marked as removed already
[25Feb2025 17:31:52.263] [Server thread/WARN] [net.minecraft.server.level.ServerLevel/]: Tried to add entity the_anomaly:anomaly_trap but it was marked as removed already
[25Feb2025 17:31:54.264] [Server thread/WARN] [net.minecraft.server.level.ServerLevel/]: Tried to add entity the_anomaly:anomaly_escape but it was marked as removed already
[25Feb2025 17:31:54.964] [Server thread/WARN] [net.minecraft.server.level.ServerLevel/]: Tried to add entity the_anomaly:anomaly_escape but it was marked as removed already
[25Feb2025 17:31:55.065] [Server thread/WARN] [net.minecraft.server.level.ServerLevel/]: Tried to add entity the_anomaly:anomaly_escape but it was marked as removed already
[25Feb2025 17:31:55.264] [Server thread/WARN] [net.minecraft.server.level.ServerLevel/]: Tried to add entity the_anomaly:anomaly_viewer but it was marked as removed already
[25Feb2025 17:31:55.364] [Server thread/WARN] [net.minecraft.server.level.ServerLevel/]: Tried to add entity the_anomaly:anomaly_escape but it was marked as removed already
[25Feb2025 17:31:55.464] [Server thread/WARN] [net.minecraft.server.level.ServerLevel/]: Tried to add entity the_anomaly:anomaly_escape but it was marked as removed already
[25Feb2025 17:31:55.514] [Server thread/WARN] [net.minecraft.server.level.ServerLevel/]: Tried to add entity the_anomaly:anomaly_viewer but it was marked as removed already
[25Feb2025 17:31:55.564] [Server thread/WARN] [net.minecraft.server.level.ServerLevel/]: Tried to add entity the_anomaly:anomaly_trap but it was marked as removed already
[25Feb2025 17:31:58.565] [Server thread/WARN] [net.minecraft.server.level.ServerLevel/]: Tried to add entity the_anomaly:anomaly_escape but it was marked as removed already
[25Feb2025 17:31:58.616] [Server thread/WARN] [net.minecraft.server.level.ServerLevel/]: Tried to add entity the_anomaly:anomaly_escape but it was marked as removed already
[25Feb2025 17:31:58.665] [Server thread/WARN] [net.minecraft.server.level.ServerLevel/]: Tried to add entity the_anomaly:anomaly_escape but it was marked as removed already
[25Feb2025 17:31:58.816] [Server thread/WARN] [net.minecraft.server.level.ServerLevel/]: Tried to add entity the_anomaly:anomaly_viewer but it was marked as removed already
[25Feb2025 17:31:58.818] [Server thread/WARN] [net.minecraft.server.level.ServerLevel/]: Tried to add entity the_anomaly:anomaly_visitor but it was marked as removed already
[25Feb2025 17:31:59.021] [Server thread/WARN] [net.minecraft.server.level.ServerLevel/]: Tried to add entity the_anomaly:anomaly_viewer but it was marked as removed already
[25Feb2025 17:31:59.165] [Server thread/WARN] [net.minecraft.server.level.ServerLevel/]: Tried to add entity the_anomaly:anomaly_escape but it was marked as removed already
[25Feb2025 17:31:59.364] [Server thread/WARN] [net.minecraft.server.level.ServerLevel/]: Tried to add entity the_anomaly:anomaly_escape but it was marked as removed already
[25Feb2025 17:31:59.367] [Server thread/WARN] [net.minecraft.server.level.ServerLevel/]: Tried to add entity the_anomaly:anomaly_escape but it was marked as removed already
[25Feb2025 17:31:59.416] [Server thread/WARN] [net.minecraft.server.level.ServerLevel/]: Tried to add entity the_anomaly:anomaly_trap but it was marked as removed already
[25Feb2025 17:31:59.417] [Server thread/WARN] [net.minecraft.server.level.ServerLevel/]: Tried to add entity the_anomaly:anomaly_trap but it was marked as removed already
[25Feb2025 17:31:59.614] [Server thread/WARN] [net.minecraft.server.level.ServerLevel/]: Tried to add entity the_anomaly:anomaly_trap but it was marked as removed already
[25Feb2025 17:31:59.814] [Server thread/WARN] [net.minecraft.server.level.ServerLevel/]: Tried to add entity the_anomaly:anomaly_escape but it was marked as removed already
[25Feb2025 17:32:01.164] [Server thread/WARN] [net.minecraft.server.level.ServerLevel/]: Tried to add entity the_anomaly:anomaly_trap but it was marked as removed already
[25Feb2025 17:32:01.713] [Server thread/WARN] [net.minecraft.server.level.ServerLevel/]: Tried to add entity the_anomaly:anomaly_escape but it was marked as removed already
[25Feb2025 17:32:01.714] [Server thread/WARN] [net.minecraft.server.level.ServerLevel/]: Tried to add entity the_anomaly:anomaly_trap but it was marked as removed already
[25Feb2025 17:32:01.863] [Server thread/WARN] [net.minecraft.server.level.ServerLevel/]: Tried to add entity the_anomaly:anomaly_visitor but it was marked as removed already
[25Feb2025 17:32:01.963] [Server thread/WARN] [net.minecraft.server.level.ServerLevel/]: Tried to add entity the_anomaly:anomaly_trap but it was marked as removed already
[25Feb2025 17:32:02.064] [Server thread/WARN] [net.minecraft.server.level.ServerLevel/]: Tried to add entity the_anomaly:anomaly_trap but it was marked as removed already
[25Feb2025 17:32:02.065] [Server thread/WARN] [net.minecraft.server.level.ServerLevel/]: Tried to add entity the_anomaly:anomaly_trap but it was marked as removed already
[25Feb2025 17:32:04.064] [Server thread/WARN] [net.minecraft.server.level.ServerLevel/]: Tried to add entity the_anomaly:anomaly_trap but it was marked as removed already
[25Feb2025 17:32:07.666] [Server thread/WARN] [net.minecraft.server.level.ServerLevel/]: Tried to add entity the_anomaly:anomaly_escape but it was marked as removed already
[25Feb2025 17:32:07.965] [Server thread/WARN] [net.minecraft.server.level.ServerLevel/]: Tried to add entity the_anomaly:anomaly_trap but it was marked as removed already
[25Feb2025 17:32:08.614] [Server thread/WARN] [net.minecraft.server.level.ServerLevel/]: Tried to add entity the_anomaly:anomaly_escape but it was marked as removed already
[25Feb2025 17:32:09.364] [Server thread/WARN] [net.minecraft.server.level.ServerLevel/]: Tried to add entity the_anomaly:anomaly_trap but it was marked as removed already
[25Feb2025 17:32:09.514] [Server thread/WARN] [net.minecraft.server.level.ServerLevel/]: Tried to add entity the_anomaly:anomaly_escape but it was marked as removed already
[25Feb2025 17:32:09.614] [Server thread/WARN] [net.minecraft.server.level.ServerLevel/]: Tried to add entity the_anomaly:anomaly_escape but it was marked as removed already
[25Feb2025 17:32:09.864] [Server thread/WARN] [net.minecraft.server.level.ServerLevel/]: Tried to add entity the_anomaly:anomaly_escape but it was marked as removed already
[25Feb2025 17:32:09.964] [Server thread/WARN] [net.minecraft.server.level.ServerLevel/]: Tried to add entity the_anomaly:anomaly_escape but it was marked as removed already
[25Feb2025 17:32:10.514] [Server thread/WARN] [net.minecraft.server.level.ServerLevel/]: Tried to add entity the_anomaly:anomaly_visitor_2 but it was marked as removed already
[25Feb2025 17:32:10.814] [Server thread/WARN] [net.minecraft.server.level.ServerLevel/]: Tried to add entity the_anomaly:anomaly_viewer but it was marked as removed already
[25Feb2025 17:32:12.964] [Server thread/WARN] [net.minecraft.server.level.ServerLevel/]: Tried to add entity the_anomaly:anomaly_viewer but it was marked as removed already
[25Feb2025 17:32:13.115] [Server thread/WARN] [net.minecraft.server.level.ServerLevel/]: Tried to add entity the_anomaly:anomaly_trap but it was marked as removed already
[25Feb2025 17:32:17.713] [Server thread/WARN] [net.minecraft.server.level.ServerLevel/]: Tried to add entity the_anomaly:anomaly_trap but it was marked as removed already
[25Feb2025 17:32:17.813] [Server thread/WARN] [net.minecraft.server.level.ServerLevel/]: Tried to add entity the_anomaly:anomaly_viewer but it was marked as removed already
[25Feb2025 17:32:18.764] [Server thread/WARN] [net.minecraft.server.level.ServerLevel/]: Tried to add entity the_anomaly:anomaly_escape but it was marked as removed already
[25Feb2025 17:32:20.364] [Server thread/WARN] [net.minecraft.server.level.ServerLevel/]: Tried to add entity the_anomaly:anomaly_trap but it was marked as removed already
[25Feb2025 17:32:20.515] [Server thread/WARN] [net.minecraft.server.level.ServerLevel/]: Tried to add entity the_anomaly:anomaly_visitor but it was marked as removed already
[25Feb2025 17:32:20.516] [Server thread/WARN] [net.minecraft.server.level.ServerLevel/]: Tried to add entity the_anomaly:anomaly_trap but it was marked as removed already
[25Feb2025 17:32:20.663] [Server thread/WARN] [net.minecraft.server.level.ServerLevel/]: Tried to add entity the_anomaly:anomaly_viewer but it was marked as removed already
[25Feb2025 17:32:23.364] [Server thread/WARN] [net.minecraft.server.level.ServerLevel/]: Tried to add entity the_anomaly:anomaly_escape but it was marked as removed already
[25Feb2025 17:32:23.364] [Server thread/WARN] [net.minecraft.server.level.ServerLevel/]: Tried to add entity the_anomaly:anomaly_trap but it was marked as removed already
[25Feb2025 17:32:23.464] [Server thread/WARN] [net.minecraft.server.level.ServerLevel/]: Tried to add entity the_anomaly:anomaly_viewer but it was marked as removed already
[25Feb2025 17:32:26.514] [Server thread/WARN] [net.minecraft.server.level.ServerLevel/]: Tried to add entity the_anomaly:anomaly_trap but it was marked as removed already
[25Feb2025 17:32:26.814] [Server thread/WARN] [net.minecraft.server.level.ServerLevel/]: Tried to add entity the_anomaly:anomaly_trap but it was marked as removed already
[25Feb2025 17:32:28.513] [Server thread/WARN] [net.minecraft.server.level.ServerLevel/]: Tried to add entity the_anomaly:anomaly_viewer but it was marked as removed already
[25Feb2025 17:32:30.164] [Server thread/WARN] [net.minecraft.server.level.ServerLevel/]: Tried to add entity the_anomaly:anomaly_viewer but it was marked as removed already
[25Feb2025 17:32:30.165] [Server thread/WARN] [net.minecraft.server.level.ServerLevel/]: Tried to add entity the_anomaly:anomaly_viewer but it was marked as removed already
[25Feb2025 17:32:30.614] [Server thread/WARN] [net.minecraft.server.level.ServerLevel/]: Tried to add entity the_anomaly:anomaly_escape but it was marked as removed already
[25Feb2025 17:32:30.615] [Server thread/WARN] [net.minecraft.server.level.ServerLevel/]: Tried to add entity the_anomaly:anomaly_trap but it was marked as removed already
[25Feb2025 17:32:30.665] [Server thread/WARN] [net.minecraft.server.level.ServerLevel/]: Tried to add entity the_anomaly:anomaly_viewer but it was marked as removed already
[25Feb2025 17:32:33.966] [Server thread/WARN] [net.minecraft.server.level.ServerLevel/]: Tried to add entity the_anomaly:anomaly_trap but it was marked as removed already
[25Feb2025 17:32:33.967] [Server thread/WARN] [net.minecraft.server.level.ServerLevel/]: Tried to add entity the_anomaly:anomaly_viewer but it was marked as removed already
[25Feb2025 17:32:34.065] [Server thread/WARN] [net.minecraft.server.level.ServerLevel/]: Tried to add entity the_anomaly:anomaly_escape but it was marked as removed already
[25Feb2025 17:32:34.115] [Server thread/WARN] [net.minecraft.server.level.ServerLevel/]: Tried to add entity the_anomaly:anomaly_viewer but it was marked as removed already
[25Feb2025 17:32:34.164] [Server thread/WARN] [net.minecraft.server.level.ServerLevel/]: Tried to add entity the_anomaly:anomaly_visitor_2 but it was marked as removed already
[25Feb2025 17:32:34.476] [Server thread/WARN] [net.minecraft.server.level.ServerLevel/]: Tried to add entity the_anomaly:anomaly_trap but it was marked as removed already
[25Feb2025 17:32:34.564] [Server thread/WARN] [net.minecraft.server.level.ServerLevel/]: Tried to add entity the_anomaly:anomaly_viewer but it was marked as removed already
[25Feb2025 17:32:34.764] [Server thread/WARN] [net.minecraft.server.level.ServerLevel/]: Tried to add entity the_anomaly:anomaly_viewer but it was marked as removed already
[25Feb2025 17:32:34.863] [Server thread/WARN] [net.minecraft.server.level.ServerLevel/]: Tried to add entity the_anomaly:anomaly_viewer but it was marked as removed already
[25Feb2025 17:32:34.914] [Server thread/WARN] [net.minecraft.server.level.ServerLevel/]: Tried to add entity the_anomaly:anomaly_trap but it was marked as removed already
[25Feb2025 17:32:40.964] [Server thread/WARN] [net.minecraft.server.level.ServerLevel/]: Tried to add entity the_anomaly:anomaly_viewer but it was marked as removed already
[25Feb2025 17:32:41.263] [Server thread/WARN] [net.minecraft.server.level.ServerLevel/]: Tried to add entity the_anomaly:anomaly_escape but it was marked as removed already
[25Feb2025 17:32:42.764] [Server thread/WARN] [net.minecraft.server.level.ServerLevel/]: Tried to add entity the_anomaly:anomaly_escape but it was marked as removed already
[25Feb2025 17:32:42.913] [Server thread/WARN] [net.minecraft.server.level.ServerLevel/]: Tried to add entity the_anomaly:anomaly_escape but it was marked as removed already
[25Feb2025 17:32:42.914] [Server thread/WARN] [net.minecraft.server.level.ServerLevel/]: Tried to add entity the_anomaly:anomaly_viewer but it was marked as removed already
[25Feb2025 17:32:43.113] [Server thread/WARN] [net.minecraft.server.level.ServerLevel/]: Tried to add entity the_anomaly:anomaly_escape but it was marked as removed already
[25Feb2025 17:32:43.314] [Server thread/WARN] [net.minecraft.server.level.ServerLevel/]: Tried to add entity the_anomaly:anomaly_trap but it was marked as removed already
[25Feb2025 17:32:43.314] [Server thread/WARN] [net.minecraft.server.level.ServerLevel/]: Tried to add entity the_anomaly:anomaly_viewer but it was marked as removed already
[25Feb2025 17:32:44.263] [Server thread/WARN] [net.minecraft.server.level.ServerLevel/]: Tried to add entity the_anomaly:anomaly_escape but it was marked as removed already
[25Feb2025 17:32:45.114] [Server thread/WARN] [net.minecraft.server.level.ServerLevel/]: Tried to add entity the_anomaly:anomaly_trap but it was marked as removed already
[25Feb2025 17:32:45.414] [Server thread/WARN] [net.minecraft.server.level.ServerLevel/]: Tried to add entity the_anomaly:anomaly_trap but it was marked as removed already
[25Feb2025 17:32:45.564] [Server thread/WARN] [net.minecraft.server.level.ServerLevel/]: Tried to add entity the_anomaly:anomaly_escape but it was marked as removed already
[25Feb2025 17:32:46.464] [Server thread/WARN] [net.minecraft.server.level.ServerLevel/]: Tried to add entity the_anomaly:anomaly_escape but it was marked as removed already
[25Feb2025 17:32:46.465] [Server thread/WARN] [net.minecraft.server.level.ServerLevel/]: Tried to add entity the_anomaly:anomaly_viewer but it was marked as removed already
[25Feb2025 17:32:46.465] [Server thread/WARN] [net.minecraft.server.level.ServerLevel/]: Tried to add entity the_anomaly:anomaly_visitor_2 but it was marked as removed already
[25Feb2025 17:32:46.563] [Server thread/WARN] [net.minecraft.server.level.ServerLevel/]: Tried to add entity the_anomaly:anomaly_trap but it was marked as removed already
[25Feb2025 17:32:46.664] [Server thread/WARN] [net.minecraft.server.level.ServerLevel/]: Tried to add entity the_anomaly:anomaly_viewer but it was marked as removed already
[25Feb2025 17:32:46.813] [Server thread/WARN] [net.minecraft.server.level.ServerLevel/]: Tried to add entity the_anomaly:anomaly_viewer but it was marked as removed already
[25Feb2025 17:32:46.914] [Server thread/WARN] [net.minecraft.server.level.ServerLevel/]: Tried to add entity the_anomaly:anomaly_trap but it was marked as removed already
[25Feb2025 17:32:46.963] [Server thread/WARN] [net.minecraft.server.level.ServerLevel/]: Tried to add entity the_anomaly:anomaly_trap but it was marked as removed already
[25Feb2025 17:32:50.563] [Server thread/WARN] [net.minecraft.server.level.ServerLevel/]: Tried to add entity the_anomaly:anomaly_trap but it was marked as removed already
[25Feb2025 17:32:50.814] [Server thread/WARN] [net.minecraft.server.level.ServerLevel/]: Tried to add entity the_anomaly:anomaly_trap but it was marked as removed already
[25Feb2025 17:32:50.864] [Server thread/WARN] [net.minecraft.server.level.ServerLevel/]: Tried to add entity the_anomaly:anomaly_visitor but it was marked as removed already
[25Feb2025 17:32:50.864] [Server thread/WARN] [net.minecraft.server.level.ServerLevel/]: Tried to add entity the_anomaly:anomaly_escape but it was marked as removed already
[25Feb2025 17:32:51.964] [Server thread/WARN] [net.minecraft.server.level.ServerLevel/]: Tried to add entity the_anomaly:anomaly_viewer but it was marked as removed already
[25Feb2025 17:32:52.865] [Server thread/WARN] [net.minecraft.server.level.ServerLevel/]: Tried to add entity the_anomaly:anomaly_viewer but it was marked as removed already
[25Feb2025 17:32:52.964] [Server thread/WARN] [net.minecraft.server.level.ServerLevel/]: Tried to add entity the_anomaly:anomaly_escape but it was marked as removed already
[25Feb2025 17:32:53.364] [Server thread/WARN] [net.minecraft.server.level.ServerLevel/]: Tried to add entity the_anomaly:anomaly_visitor but it was marked as removed already
[25Feb2025 17:32:53.564] [Server thread/WARN] [net.minecraft.server.level.ServerLevel/]: Tried to add entity the_anomaly:anomaly_trap but it was marked as removed already
[25Feb2025 17:32:53.614] [Server thread/WARN] [net.minecraft.server.level.ServerLevel/]: Tried to add entity the_anomaly:anomaly_trap but it was marked as removed already
[25Feb2025 17:32:54.715] [Server thread/WARN] [net.minecraft.server.level.ServerLevel/]: Tried to add entity the_anomaly:anomaly_viewer but it was marked as removed already
[25Feb2025 17:32:54.764] [Server thread/WARN] [net.minecraft.server.level.ServerLevel/]: Tried to add entity the_anomaly:anomaly_escape but it was marked as removed already
[25Feb2025 17:33:00.464] [Server thread/WARN] [net.minecraft.server.level.ServerLevel/]: Tried to add entity the_anomaly:anomaly_viewer but it was marked as removed already
[25Feb2025 17:33:00.564] [Server thread/WARN] [net.minecraft.server.level.ServerLevel/]: Tried to add entity the_anomaly:anomaly_visitor_2 but it was marked as removed already
[25Feb2025 17:33:03.730] [Server thread/WARN] [net.minecraft.server.level.ServerLevel/]: Tried to add entity the_anomaly:anomaly_escape but it was marked as removed already
[25Feb2025 17:33:03.865] [Server thread/WARN] [net.minecraft.server.level.ServerLevel/]: Tried to add entity the_anomaly:anomaly_viewer but it was marked as removed already
[25Feb2025 17:33:03.866] [Server thread/WARN] [net.minecraft.server.level.ServerLevel/]: Tried to add entity the_anomaly:anomaly_escape but it was marked as removed already
[25Feb2025 17:33:08.417] [Server thread/WARN] [net.minecraft.server.level.ServerLevel/]: Tried to add entity the_anomaly:anomaly_viewer but it was marked as removed already
[25Feb2025 17:33:08.632] [Server thread/WARN] [net.minecraft.server.level.ServerLevel/]: Tried to add entity the_anomaly:anomaly_viewer but it was marked as removed already
[25Feb2025 17:33:10.063] [Server thread/WARN] [net.minecraft.server.level.ServerLevel/]: Tried to add entity the_anomaly:anomaly_trap but it was marked as removed already
[25Feb2025 17:33:10.314] [Server thread/WARN] [net.minecraft.server.level.ServerLevel/]: Tried to add entity the_anomaly:anomaly_viewer but it was marked as removed already
[25Feb2025 17:33:11.265] [Server thread/WARN] [net.minecraft.server.level.ServerLevel/]: Tried to add entity the_anomaly:anomaly_trap but it was marked as removed already
[25Feb2025 17:33:13.365] [Server thread/WARN] [net.minecraft.server.level.ServerLevel/]: Tried to add entity the_anomaly:anomaly_viewer but it was marked as removed already
[25Feb2025 17:33:13.414] [Server thread/WARN] [net.minecraft.server.level.ServerLevel/]: Tried to add entity the_anomaly:anomaly_escape but it was marked as removed already
[25Feb2025 17:33:13.415] [Server thread/WARN] [net.minecraft.server.level.ServerLevel/]: Tried to add entity the_anomaly:anomaly_viewer but it was marked as removed already
[25Feb2025 17:33:13.914] [Server thread/WARN] [net.minecraft.server.level.ServerLevel/]: Tried to add entity the_anomaly:anomaly_escape but it was marked as removed already
[25Feb2025 17:33:16.064] [Server thread/WARN] [net.minecraft.server.level.ServerLevel/]: Tried to add entity the_anomaly:anomaly_escape but it was marked as removed already
[25Feb2025 17:33:16.064] [Server thread/WARN] [net.minecraft.server.level.ServerLevel/]: Tried to add entity the_anomaly:anomaly_viewer but it was marked as removed already
[25Feb2025 17:33:18.014] [Server thread/WARN] [net.minecraft.server.level.ServerLevel/]: Tried to add entity the_anomaly:anomaly_escape but it was marked as removed already
[25Feb2025 17:33:18.063] [Server thread/WARN] [net.minecraft.server.level.ServerLevel/]: Tried to add entity the_anomaly:anomaly_trap but it was marked as removed already
[25Feb2025 17:33:25.764] [Server thread/WARN] [net.minecraft.server.level.ServerLevel/]: Tried to add entity the_anomaly:anomaly_viewer but it was marked as removed already
[25Feb2025 17:33:25.864] [Server thread/WARN] [net.minecraft.server.level.ServerLevel/]: Tried to add entity the_anomaly:anomaly_viewer but it was marked as removed already
[25Feb2025 17:33:26.114] [Server thread/WARN] [net.minecraft.server.level.ServerLevel/]: Tried to add entity the_anomaly:anomaly_viewer but it was marked as removed already
[25Feb2025 17:33:26.114] [Server thread/WARN] [net.minecraft.server.level.ServerLevel/]: Tried to add entity the_anomaly:anomaly_viewer but it was marked as removed already
[25Feb2025 17:33:26.364] [Server thread/WARN] [net.minecraft.server.level.ServerLevel/]: Tried to add entity the_anomaly:anomaly_viewer but it was marked as removed already
[25Feb2025 17:33:26.518] [Server thread/WARN] [net.minecraft.server.level.ServerLevel/]: Tried to add entity the_anomaly:anomaly_viewer but it was marked as removed already
[25Feb2025 17:33:26.964] [Server thread/WARN] [net.minecraft.server.level.ServerLevel/]: Tried to add entity the_anomaly:anomaly_viewer but it was marked as removed already
[25Feb2025 17:33:27.364] [Server thread/WARN] [net.minecraft.server.level.ServerLevel/]: Tried to add entity the_anomaly:anomaly_escape but it was marked as removed already
[25Feb2025 17:33:28.066] [Server thread/WARN] [net.minecraft.server.level.ServerLevel/]: Tried to add entity the_anomaly:anomaly_trap but it was marked as removed already
[25Feb2025 17:33:28.114] [Server thread/WARN] [net.minecraft.server.level.ServerLevel/]: Tried to add entity the_anomaly:anomaly_trap but it was marked as removed already
[25Feb2025 17:33:32.113] [Server thread/WARN] [net.minecraft.server.level.ServerLevel/]: Tried to add entity the_anomaly:anomaly_escape but it was marked as removed already
[25Feb2025 17:33:34.165] [Server thread/WARN] [net.minecraft.server.level.ServerLevel/]: Tried to add entity the_anomaly:anomaly_viewer but it was marked as removed already
[25Feb2025 17:33:34.266] [Server thread/WARN] [net.minecraft.server.level.ServerLevel/]: Tried to add entity the_anomaly:anomaly_visitor_2 but it was marked as removed already
[25Feb2025 17:33:34.664] [Server thread/WARN] [net.minecraft.server.level.ServerLevel/]: Tried to add entity the_anomaly:anomaly_escape but it was marked as removed already
[25Feb2025 17:33:34.714] [Server thread/WARN] [net.minecraft.server.level.ServerLevel/]: Tried to add entity the_anomaly:anomaly_escape but it was marked as removed already
[25Feb2025 17:33:35.014] [Server thread/WARN] [net.minecraft.server.level.ServerLevel/]: Tried to add entity the_anomaly:anomaly_trap but it was marked as removed already
[25Feb2025 17:33:36.864] [Server thread/WARN] [net.minecraft.server.level.ServerLevel/]: Tried to add entity the_anomaly:anomaly_trap but it was marked as removed already
[25Feb2025 17:33:36.964] [Server thread/WARN] [net.minecraft.server.level.ServerLevel/]: Tried to add entity the_anomaly:anomaly_viewer but it was marked as removed already
[25Feb2025 17:33:37.513] [Server thread/WARN] [net.minecraft.server.level.ServerLevel/]: Tried to add entity the_anomaly:anomaly_viewer but it was marked as removed already
[25Feb2025 17:33:37.564] [Server thread/WARN] [net.minecraft.server.level.ServerLevel/]: Tried to add entity the_anomaly:anomaly_escape but it was marked as removed already
[25Feb2025 17:33:37.614] [Server thread/WARN] [net.minecraft.server.level.ServerLevel/]: Tried to add entity the_anomaly:anomaly_escape but it was marked as removed already
[25Feb2025 17:33:37.614] [Server thread/WARN] [net.minecraft.server.level.ServerLevel/]: Tried to add entity the_anomaly:anomaly_viewer but it was marked as removed already
[25Feb2025 17:33:37.764] [Server thread/WARN] [net.minecraft.server.level.ServerLevel/]: Tried to add entity the_anomaly:anomaly_trap but it was marked as removed already
[25Feb2025 17:33:37.765] [Server thread/WARN] [net.minecraft.server.level.ServerLevel/]: Tried to add entity the_anomaly:anomaly_escape but it was marked as removed already
[25Feb2025 17:33:38.963] [Server thread/WARN] [net.minecraft.server.level.ServerLevel/]: Tried to add entity the_anomaly:anomaly_escape but it was marked as removed already
[25Feb2025 17:33:38.964] [Server thread/WARN] [net.minecraft.server.level.ServerLevel/]: Tried to add entity the_anomaly:anomaly_escape but it was marked as removed already
[25Feb2025 17:33:39.014] [Server thread/WARN] [net.minecraft.server.level.ServerLevel/]: Tried to add entity the_anomaly:anomaly_trap but it was marked as removed already
[25Feb2025 17:33:39.114] [Server thread/WARN] [net.minecraft.server.level.ServerLevel/]: Tried to add entity the_anomaly:anomaly_trap but it was marked as removed already
[25Feb2025 17:33:39.164] [Server thread/WARN] [net.minecraft.server.level.ServerLevel/]: Tried to add entity the_anomaly:anomaly_trap but it was marked as removed already
[25Feb2025 17:33:39.214] [Server thread/WARN] [net.minecraft.server.level.ServerLevel/]: Tried to add entity the_anomaly:anomaly_escape but it was marked as removed already
[25Feb2025 17:33:39.264] [Server thread/WARN] [net.minecraft.server.level.ServerLevel/]: Tried to add entity the_anomaly:anomaly_viewer but it was marked as removed already
[25Feb2025 17:33:40.864] [Server thread/WARN] [net.minecraft.server.level.ServerLevel/]: Tried to add entity the_anomaly:anomaly_escape but it was marked as removed already
[25Feb2025 17:33:40.865] [Server thread/WARN] [net.minecraft.server.level.ServerLevel/]: Tried to add entity the_anomaly:anomaly_escape but it was marked as removed already
[25Feb2025 17:33:40.913] [Server thread/WARN] [net.minecraft.server.level.ServerLevel/]: Tried to add entity the_anomaly:anomaly_trap but it was marked as removed already
[25Feb2025 17:33:40.913] [Server thread/WARN] [net.minecraft.server.level.ServerLevel/]: Tried to add entity the_anomaly:anomaly_escape but it was marked as removed already
[25Feb2025 17:33:40.914] [Server thread/WARN] [net.minecraft.server.level.ServerLevel/]: Tried to add entity the_anomaly:anomaly_trap but it was marked as removed already
[25Feb2025 17:33:41.314] [Server thread/WARN] [net.minecraft.server.level.ServerLevel/]: Tried to add entity the_anomaly:anomaly_trap but it was marked as removed already
[25Feb2025 17:33:44.532] [Server thread/WARN] [net.minecraft.server.level.ServerLevel/]: Tried to add entity the_anomaly:anomaly_escape but it was marked as removed already
[25Feb2025 17:33:44.926] [Server thread/WARN] [net.minecraft.server.level.ServerLevel/]: Tried to add entity the_anomaly:anomaly_trap but it was marked as removed already
[25Feb2025 17:33:45.239] [Server thread/WARN] [net.minecraft.server.level.ServerLevel/]: Tried to add entity the_anomaly:anomaly_viewer but it was marked as removed already
[25Feb2025 17:33:45.262] [Server thread/WARN] [net.minecraft.server.level.ServerLevel/]: Tried to add entity the_anomaly:anomaly_viewer but it was marked as removed already
[25Feb2025 17:33:45.616] [Server thread/WARN] [net.minecraft.server.level.ServerLevel/]: Tried to add entity the_anomaly:anomaly_viewer but it was marked as removed already
[25Feb2025 17:33:45.873] [Server thread/WARN] [net.minecraft.server.level.ServerLevel/]: Tried to add entity the_anomaly:anomaly_viewer but it was marked as removed already
[25Feb2025 17:33:45.897] [Server thread/WARN] [net.minecraft.server.level.ServerLevel/]: Tried to add entity the_anomaly:anomaly_viewer but it was marked as removed already
[25Feb2025 17:33:45.919] [Server thread/WARN] [net.minecraft.server.level.ServerLevel/]: Tried to add entity the_anomaly:anomaly_trap but it was marked as removed already
[25Feb2025 17:33:45.939] [Server thread/WARN] [net.minecraft.server.level.ServerLevel/]: Tried to add entity the_anomaly:anomaly_viewer but it was marked as removed already
[25Feb2025 17:33:46.297] [Server thread/WARN] [net.minecraft.server.level.ServerLevel/]: Tried to add entity the_anomaly:anomaly_trap but it was marked as removed already
[25Feb2025 17:33:46.375] [Server thread/WARN] [net.minecraft.server.level.ServerLevel/]: Tried to add entity the_anomaly:anomaly_trap but it was marked as removed already
[25Feb2025 17:33:46.614] [Server thread/WARN] [net.minecraft.server.level.ServerLevel/]: Tried to add entity the_anomaly:anomaly_trap but it was marked as removed already
[25Feb2025 17:33:46.714] [Server thread/WARN] [net.minecraft.server.level.ServerLevel/]: Tried to add entity the_anomaly:anomaly_escape but it was marked as removed already
[25Feb2025 17:33:46.815] [Server thread/WARN] [net.minecraft.server.level.ServerLevel/]: Tried to add entity the_anomaly:anomaly_trap but it was marked as removed already
[25Feb2025 17:33:46.864] [Server thread/WARN] [net.minecraft.server.level.ServerLevel/]: Tried to add entity the_anomaly:anomaly_escape but it was marked as removed already
[25Feb2025 17:33:46.914] [Server thread/WARN] [net.minecraft.server.level.ServerLevel/]: Tried to add entity the_anomaly:anomaly_visitor but it was marked as removed already
[25Feb2025 17:33:47.115] [Server thread/WARN] [net.minecraft.server.level.ServerLevel/]: Tried to add entity the_anomaly:anomaly_trap but it was marked as removed already
[25Feb2025 17:33:47.363] [Server thread/WARN] [net.minecraft.server.level.ServerLevel/]: Tried to add entity the_anomaly:anomaly_trap but it was marked as removed already
[25Feb2025 17:33:47.364] [Server thread/WARN] [net.minecraft.server.level.ServerLevel/]: Tried to add entity the_anomaly:anomaly_escape but it was marked as removed already
[25Feb2025 17:33:47.664] [Server thread/WARN] [net.minecraft.server.level.ServerLevel/]: Tried to add entity the_anomaly:anomaly_viewer but it was marked as removed already
[25Feb2025 17:33:47.713] [Server thread/WARN] [net.minecraft.server.level.ServerLevel/]: Tried to add entity the_anomaly:anomaly_trap but it was marked as removed already
[25Feb2025 17:33:47.714] [Server thread/WARN] [net.minecraft.server.level.ServerLevel/]: Tried to add entity the_anomaly:anomaly_visitor but it was marked as removed already
[25Feb2025 17:33:47.763] [Server thread/WARN] [net.minecraft.server.level.ServerLevel/]: Tried to add entity the_anomaly:anomaly_escape but it was marked as removed already
[25Feb2025 17:33:47.913] [Server thread/WARN] [net.minecraft.server.level.ServerLevel/]: Tried to add entity the_anomaly:anomaly_viewer but it was marked as removed already
[25Feb2025 17:33:47.915] [Server thread/WARN] [net.minecraft.server.level.ServerLevel/]: Tried to add entity the_anomaly:anomaly_viewer but it was marked as removed already
[25Feb2025 17:33:48.013] [Server thread/WARN] [net.minecraft.server.level.ServerLevel/]: Tried to add entity the_anomaly:anomaly_viewer but it was marked as removed already
[25Feb2025 17:33:48.114] [Server thread/WARN] [net.minecraft.server.level.ServerLevel/]: Tried to add entity the_anomaly:anomaly_visitor but it was marked as removed already
[25Feb2025 17:33:48.315] [Server thread/WARN] [net.minecraft.server.level.ServerLevel/]: Tried to add entity the_anomaly:anomaly_trap but it was marked as removed already
[25Feb2025 17:33:48.315] [Server thread/WARN] [net.minecraft.server.level.ServerLevel/]: Tried to add entity the_anomaly:anomaly_viewer but it was marked as removed already
[25Feb2025 17:33:48.389] [Server thread/WARN] [net.minecraft.server.level.ServerLevel/]: Tried to add entity the_anomaly:anomaly_escape but it was marked as removed already
[25Feb2025 17:33:48.389] [Server thread/WARN] [net.minecraft.server.level.ServerLevel/]: Tried to add entity the_anomaly:anomaly_trap but it was marked as removed already
[25Feb2025 17:33:48.390] [Server thread/WARN] [net.minecraft.server.level.ServerLevel/]: Tried to add entity the_anomaly:anomaly_trap but it was marked as removed already
[25Feb2025 17:33:48.664] [Server thread/WARN] [net.minecraft.server.level.ServerLevel/]: Tried to add entity the_anomaly:anomaly_escape but it was marked as removed already
[25Feb2025 17:33:48.814] [Server thread/WARN] [net.minecraft.server.level.ServerLevel/]: Tried to add entity the_anomaly:anomaly_trap but it was marked as removed already
[25Feb2025 17:33:48.864] [Server thread/WARN] [net.minecraft.server.level.ServerLevel/]: Tried to add entity the_anomaly:anomaly_visitor_2 but it was marked as removed already
[25Feb2025 17:33:48.964] [Server thread/WARN] [net.minecraft.server.level.ServerLevel/]: Tried to add entity the_anomaly:anomaly_visitor but it was marked as removed already
[25Feb2025 17:33:48.965] [Server thread/WARN] [net.minecraft.server.level.ServerLevel/]: Tried to add entity the_anomaly:anomaly_viewer but it was marked as removed already
[25Feb2025 17:33:48.966] [Server thread/WARN] [net.minecraft.server.level.ServerLevel/]: Tried to add entity the_anomaly:anomaly_viewer but it was marked as removed already
[25Feb2025 17:33:49.114] [Server thread/WARN] [net.minecraft.server.level.ServerLevel/]: Tried to add entity the_anomaly:anomaly_trap but it was marked as removed already
[25Feb2025 17:33:49.434] [Server thread/WARN] [net.minecraft.server.level.ServerLevel/]: Tried to add entity the_anomaly:anomaly_viewer but it was marked as removed already
[25Feb2025 17:33:49.434] [Server thread/WARN] [net.minecraft.server.level.ServerLevel/]: Tried to add entity the_anomaly:anomaly_trap but it was marked as removed already
[25Feb2025 17:33:49.466] [Server thread/WARN] [net.minecraft.server.level.ServerLevel/]: Tried to add entity the_anomaly:anomaly_viewer but it was marked as removed already
[25Feb2025 17:33:49.515] [Server thread/WARN] [net.minecraft.server.level.ServerLevel/]: Tried to add entity the_anomaly:anomaly_viewer but it was marked as removed already
[25Feb2025 17:33:49.664] [Server thread/WARN] [net.minecraft.server.level.ServerLevel/]: Tried to add entity the_anomaly:anomaly_visitor_2 but it was marked as removed already
[25Feb2025 17:33:49.964] [Server thread/WARN] [net.minecraft.server.level.ServerLevel/]: Tried to add entity the_anomaly:anomaly_escape but it was marked as removed already
[25Feb2025 17:33:50.264] [Server thread/WARN] [net.minecraft.server.level.ServerLevel/]: Tried to add entity the_anomaly:anomaly_viewer but it was marked as removed already
[25Feb2025 17:33:50.664] [Server thread/WARN] [net.minecraft.server.level.ServerLevel/]: Tried to add entity the_anomaly:anomaly_escape but it was marked as removed already
[25Feb2025 17:33:50.715] [Server thread/WARN] [net.minecraft.server.level.ServerLevel/]: Tried to add entity the_anomaly:anomaly_escape but it was marked as removed already
[25Feb2025 17:33:50.715] [Server thread/WARN] [net.minecraft.server.level.ServerLevel/]: Tried to add entity the_anomaly:anomaly_trap but it was marked as removed already
[25Feb2025 17:33:52.064] [Server thread/WARN] [net.minecraft.server.level.ServerLevel/]: Tried to add entity the_anomaly:anomaly_trap but it was marked as removed already
[25Feb2025 17:33:52.114] [Server thread/WARN] [net.minecraft.server.level.ServerLevel/]: Tried to add entity the_anomaly:anomaly_escape but it was marked as removed already
[25Feb2025 17:33:52.164] [Server thread/WARN] [net.minecraft.server.level.ServerLevel/]: Tried to add entity the_anomaly:anomaly_trap but it was marked as removed already
[25Feb2025 17:33:52.563] [Server thread/WARN] [net.minecraft.server.level.ServerLevel/]: Tried to add entity the_anomaly:anomaly_visitor but it was marked as removed already
[25Feb2025 17:33:52.664] [Server thread/WARN] [net.minecraft.server.level.ServerLevel/]: Tried to add entity the_anomaly:anomaly_viewer but it was marked as removed already
[25Feb2025 17:33:54.564] [Server thread/WARN] [net.minecraft.server.level.ServerLevel/]: Tried to add entity the_anomaly:anomaly_viewer but it was marked as removed already
[25Feb2025 17:33:54.615] [Server thread/WARN] [net.minecraft.server.level.ServerLevel/]: Tried to add entity the_anomaly:anomaly_viewer but it was marked as removed already
[25Feb2025 17:33:54.865] [Server thread/WARN] [net.minecraft.server.level.ServerLevel/]: Tried to add entity the_anomaly:anomaly_escape but it was marked as removed already
[25Feb2025 17:33:56.763] [Server thread/WARN] [net.minecraft.server.level.ServerLevel/]: Tried to add entity the_anomaly:anomaly_visitor_2 but it was marked as removed already
[25Feb2025 17:33:56.813] [Server thread/WARN] [net.minecraft.server.level.ServerLevel/]: Tried to add entity the_anomaly:anomaly_escape but it was marked as removed already
[25Feb2025 17:33:56.863] [Server thread/WARN] [net.minecraft.server.level.ServerLevel/]: Tried to add entity the_anomaly:anomaly_viewer but it was marked as removed already
[25Feb2025 17:33:56.915] [Server thread/WARN] [net.minecraft.server.level.ServerLevel/]: Tried to add entity the_anomaly:anomaly_escape but it was marked as removed already
[25Feb2025 17:33:57.013] [Server thread/WARN] [net.minecraft.server.level.ServerLevel/]: Tried to add entity the_anomaly:anomaly_escape but it was marked as removed already
[25Feb2025 17:33:57.014] [Server thread/WARN] [net.minecraft.server.level.ServerLevel/]: Tried to add entity the_anomaly:anomaly_trap but it was marked as removed already
[25Feb2025 17:33:57.313] [Server thread/WARN] [net.minecraft.server.level.ServerLevel/]: Tried to add entity the_anomaly:anomaly_viewer but it was marked as removed already
[25Feb2025 17:33:58.864] [Server thread/WARN] [net.minecraft.server.level.ServerLevel/]: Tried to add entity the_anomaly:anomaly_viewer but it was marked as removed already
[25Feb2025 17:33:59.464] [Server thread/WARN] [net.minecraft.server.level.ServerLevel/]: Tried to add entity the_anomaly:anomaly_viewer but it was marked as removed already
[25Feb2025 17:34:00.214] [Server thread/WARN] [net.minecraft.server.level.ServerLevel/]: Tried to add entity the_anomaly:anomaly_viewer but it was marked as removed already
[25Feb2025 17:34:01.813] [Server thread/WARN] [net.minecraft.server.level.ServerLevel/]: Tried to add entity the_anomaly:anomaly_viewer but it was marked as removed already
[25Feb2025 17:34:01.814] [Server thread/WARN] [net.minecraft.server.level.ServerLevel/]: Tried to add entity the_anomaly:anomaly_escape but it was marked as removed already
[25Feb2025 17:34:02.384] [Server thread/WARN] [net.minecraft.server.level.ServerLevel/]: Tried to add entity the_anomaly:anomaly_viewer but it was marked as removed already
[25Feb2025 17:34:03.063] [Server thread/WARN] [net.minecraft.server.level.ServerLevel/]: Tried to add entity the_anomaly:anomaly_viewer but it was marked as removed already
[25Feb2025 17:34:03.164] [Server thread/WARN] [net.minecraft.server.level.ServerLevel/]: Tried to add entity the_anomaly:anomaly_trap but it was marked as removed already
[25Feb2025 17:34:03.264] [Server thread/WARN] [net.minecraft.server.level.ServerLevel/]: Tried to add entity the_anomaly:anomaly_viewer but it was marked as removed already
[25Feb2025 17:34:03.317] [Server thread/WARN] [net.minecraft.server.level.ServerLevel/]: Tried to add entity the_anomaly:anomaly_trap but it was marked as removed already
[25Feb2025 17:34:03.394] [Server thread/WARN] [net.minecraft.server.level.ServerLevel/]: Tried to add entity the_anomaly:anomaly_trap but it was marked as removed already
[25Feb2025 17:34:03.423] [Server thread/WARN] [net.minecraft.server.level.ServerLevel/]: Tried to add entity the_anomaly:anomaly_viewer but it was marked as removed already
[25Feb2025 17:34:03.814] [Server thread/WARN] [net.minecraft.server.level.ServerLevel/]: Tried to add entity the_anomaly:anomaly_escape but it was marked as removed already
[25Feb2025 17:34:04.663] [Server thread/WARN] [net.minecraft.server.level.ServerLevel/]: Tried to add entity the_anomaly:anomaly_visitor but it was marked as removed already
[25Feb2025 17:34:04.864] [Server thread/WARN] [net.minecraft.server.level.ServerLevel/]: Tried to add entity the_anomaly:anomaly_viewer but it was marked as removed already
[25Feb2025 17:34:05.313] [Server thread/WARN] [net.minecraft.server.level.ServerLevel/]: Tried to add entity the_anomaly:anomaly_viewer but it was marked as removed already
[25Feb2025 17:34:05.365] [Server thread/WARN] [net.minecraft.server.level.ServerLevel/]: Tried to add entity the_anomaly:anomaly_viewer but it was marked as removed already
[25Feb2025 17:34:05.465] [Server thread/WARN] [net.minecraft.server.level.ServerLevel/]: Tried to add entity the_anomaly:anomaly_viewer but it was marked as removed already
[25Feb2025 17:34:09.814] [Server thread/WARN] [net.minecraft.server.level.ServerLevel/]: Tried to add entity the_anomaly:anomaly_viewer but it was marked as removed already
[25Feb2025 17:34:11.515] [Server thread/WARN] [net.minecraft.server.level.ServerLevel/]: Tried to add entity the_anomaly:anomaly_trap but it was marked as removed already
[25Feb2025 17:34:11.714] [Server thread/WARN] [net.minecraft.server.level.ServerLevel/]: Tried to add entity the_anomaly:anomaly_viewer but it was marked as removed already
[25Feb2025 17:34:12.264] [Server thread/WARN] [net.minecraft.server.level.ServerLevel/]: Tried to add entity the_anomaly:anomaly_escape but it was marked as removed already
[25Feb2025 17:34:12.265] [Server thread/WARN] [net.minecraft.server.level.ServerLevel/]: Tried to add entity the_anomaly:anomaly_trap but it was marked as removed already
[25Feb2025 17:34:13.064] [Server thread/WARN] [net.minecraft.server.level.ServerLevel/]: Tried to add entity the_anomaly:anomaly_viewer but it was marked as removed already
[25Feb2025 17:34:17.563] [Server thread/WARN] [net.minecraft.server.level.ServerLevel/]: Tried to add entity the_anomaly:anomaly_escape but it was marked as removed already
[25Feb2025 17:34:18.564] [Server thread/WARN] [net.minecraft.server.level.ServerLevel/]: Tried to add entity the_anomaly:anomaly_viewer but it was marked as removed already
[25Feb2025 17:34:18.664] [Server thread/WARN] [net.minecraft.server.level.ServerLevel/]: Tried to add entity the_anomaly:anomaly_trap but it was marked as removed already
[25Feb2025 17:34:18.714] [Server thread/WARN] [net.minecraft.server.level.ServerLevel/]: Tried to add entity the_anomaly:anomaly_viewer but it was marked as removed already
[25Feb2025 17:34:21.313] [Server thread/WARN] [net.minecraft.server.level.ServerLevel/]: Tried to add entity the_anomaly:anomaly_escape but it was marked as removed already
[25Feb2025 17:34:21.413] [Server thread/WARN] [net.minecraft.server.level.ServerLevel/]: Tried to add entity the_anomaly:anomaly_viewer but it was marked as removed already
[25Feb2025 17:34:21.464] [Server thread/WARN] [net.minecraft.server.level.ServerLevel/]: Tried to add entity the_anomaly:anomaly_escape but it was marked as removed already
[25Feb2025 17:34:25.014] [Server thread/WARN] [net.minecraft.server.level.ServerLevel/]: Tried to add entity the_anomaly:anomaly_escape but it was marked as removed already
[25Feb2025 17:34:25.014] [Server thread/WARN] [net.minecraft.server.level.ServerLevel/]: Tried to add entity the_anomaly:anomaly_trap but it was marked as removed already
[25Feb2025 17:34:30.013] [Server thread/WARN] [net.minecraft.server.level.ServerLevel/]: Tried to add entity the_anomaly:anomaly_trap but it was marked as removed already
[25Feb2025 17:34:30.438] [Server thread/WARN] [net.minecraft.server.level.ServerLevel/]: Tried to add entity the_anomaly:anomaly_viewer but it was marked as removed already
[25Feb2025 17:34:33.850] [Server thread/WARN] [net.minecraft.server.MinecraftServer/]: Can't keep up! Is the server overloaded? Running 2037ms or 40 ticks behind
[25Feb2025 17:34:34.828] [Server thread/WARN] [net.minecraft.server.level.ServerLevel/]: Tried to add entity the_anomaly:anomaly_visitor but it was marked as removed already
[25Feb2025 17:34:34.829] [Server thread/WARN] [net.minecraft.server.level.ServerLevel/]: Tried to add entity the_anomaly:anomaly_escape but it was marked as removed already
[25Feb2025 17:34:34.984] [Server thread/WARN] [net.minecraft.server.level.ServerLevel/]: Tried to add entity the_anomaly:anomaly_viewer but it was marked as removed already
[25Feb2025 17:34:35.223] [Server thread/WARN] [net.minecraft.server.level.ServerLevel/]: Tried to add entity the_anomaly:anomaly_viewer but it was marked as removed already
[25Feb2025 17:34:43.016] [Server thread/WARN] [net.minecraft.server.level.ServerLevel/]: Tried to add entity the_anomaly:anomaly_viewer but it was marked as removed already
[25Feb2025 17:34:47.972] [Server thread/WARN] [net.minecraft.server.level.ServerLevel/]: Tried to add entity the_anomaly:anomaly_visitor but it was marked as removed already
[25Feb2025 17:35:06.320] [Server thread/WARN] [net.minecraft.server.level.ServerLevel/]: Tried to add entity the_anomaly:anomaly_escape but it was marked as removed already
[25Feb2025 17:35:06.471] [Server thread/WARN] [net.minecraft.server.level.ServerLevel/]: Tried to add entity the_anomaly:anomaly_viewer but it was marked as removed already
[25Feb2025 17:35:06.829] [Server thread/WARN] [net.minecraft.server.level.ServerLevel/]: Tried to add entity the_anomaly:anomaly_viewer but it was marked as removed already
[25Feb2025 17:35:11.587] [Server thread/WARN] [net.minecraft.server.MinecraftServer/]: Can't keep up! Is the server overloaded? Running 22774ms or 455 ticks behind
[25Feb2025 17:35:15.939] [Server thread/WARN] [net.minecraft.server.level.ServerLevel/]: Tried to add entity the_anomaly:anomaly_viewer but it was marked as removed already
[25Feb2025 17:35:16.072] [Server thread/WARN] [net.minecraft.server.level.ServerLevel/]: Tried to add entity the_anomaly:anomaly_trap but it was marked as removed already
[25Feb2025 17:35:16.195] [Server thread/WARN] [net.minecraft.server.level.ServerLevel/]: Tried to add entity the_anomaly:anomaly_visitor but it was marked as removed already
[25Feb2025 17:35:16.195] [Server thread/WARN] [net.minecraft.server.level.ServerLevel/]: Tried to add entity the_anomaly:anomaly_visitor_2 but it was marked as removed already
[25Feb2025 17:35:16.317] [Server thread/WARN] [net.minecraft.server.level.ServerLevel/]: Tried to add entity the_anomaly:anomaly_visitor but it was marked as removed already
[25Feb2025 17:35:16.318] [Server thread/WARN] [net.minecraft.server.level.ServerLevel/]: Tried to add entity the_anomaly:anomaly_trap but it was marked as removed already
[25Feb2025 17:35:16.562] [Server thread/WARN] [net.minecraft.server.level.ServerLevel/]: Tried to add entity the_anomaly:anomaly_viewer but it was marked as removed already
[25Feb2025 17:35:21.100] [Server thread/WARN] [net.minecraft.server.level.ServerLevel/]: Tried to add entity the_anomaly:anomaly_trap but it was marked as removed already
[25Feb2025 17:35:34.761] [Server thread/WARN] [net.minecraft.server.level.ServerLevel/]: Tried to add entity the_anomaly:anomaly_visitor but it was marked as removed already
[25Feb2025 17:35:35.354] [Server thread/WARN] [net.minecraft.server.level.ServerLevel/]: Tried to add entity the_anomaly:anomaly_viewer but it was marked as removed already
[25Feb2025 17:35:35.355] [Server thread/WARN] [net.minecraft.server.level.ServerLevel/]: Tried to add entity the_anomaly:anomaly_viewer but it was marked as removed already
[25Feb2025 17:35:35.754] [Server thread/WARN] [net.minecraft.server.level.ServerLevel/]: Tried to add entity the_anomaly:anomaly_viewer but it was marked as removed already
[25Feb2025 17:35:35.925] [Server thread/WARN] [net.minecraft.server.level.ServerLevel/]: Tried to add entity the_anomaly:anomaly_escape but it was marked as removed already
[25Feb2025 17:35:36.530] [Server thread/WARN] [net.minecraft.server.level.ServerLevel/]: Tried to add entity the_anomaly:anomaly_escape but it was marked as removed already
[25Feb2025 17:35:36.902] [Server thread/WARN] [net.minecraft.server.level.ServerLevel/]: Tried to add entity the_anomaly:anomaly_escape but it was marked as removed already
[25Feb2025 17:35:37.035] [Server thread/WARN] [net.minecraft.server.level.ServerLevel/]: Tried to add entity the_anomaly:anomaly_trap but it was marked as removed already
[25Feb2025 17:35:38.600] [Server thread/WARN] [net.minecraft.server.level.ServerLevel/]: Tried to add entity the_anomaly:anomaly_trap but it was marked as removed already
[25Feb2025 17:35:44.844] [Server thread/WARN] [net.minecraft.server.level.ServerLevel/]: Tried to add entity the_anomaly:anomaly_visitor_2 but it was marked as removed already
[25Feb2025 17:35:44.844] [Server thread/WARN] [net.minecraft.server.level.ServerLevel/]: Tried to add entity the_anomaly:anomaly_visitor_2 but it was marked as removed already
[25Feb2025 17:35:45.708] [Server thread/WARN] [net.minecraft.server.level.ServerLevel/]: Tried to add entity the_anomaly:anomaly_trap but it was marked as removed already
[25Feb2025 17:35:45.829] [Server thread/WARN] [net.minecraft.server.level.ServerLevel/]: Tried to add entity the_anomaly:anomaly_viewer but it was marked as removed already
[25Feb2025 17:35:46.783] [Server thread/WARN] [net.minecraft.server.level.ServerLevel/]: Tried to add entity the_anomaly:anomaly_escape but it was marked as removed already
[25Feb2025 17:35:47.153] [Server thread/WARN] [net.minecraft.server.level.ServerLevel/]: Tried to add entity the_anomaly:anomaly_visitor_2 but it was marked as removed already
[25Feb2025 17:35:49.476] [Server thread/WARN] [net.minecraft.server.MinecraftServer/]: Can't keep up! Is the server overloaded? Running 22913ms or 458 ticks behind
[25Feb2025 17:35:54.523] [Server thread/WARN] [net.minecraft.server.level.ServerLevel/]: Tried to add entity the_anomaly:anomaly_viewer but it was marked as removed already
[25Feb2025 17:35:54.788] [Server thread/WARN] [net.minecraft.server.level.ServerLevel/]: Tried to add entity the_anomaly:anomaly_trap but it was marked as removed already
[25Feb2025 17:36:06.757] [Server thread/WARN] [net.minecraft.server.level.ServerLevel/]: Tried to add entity the_anomaly:anomaly_trap but it was marked as removed already
[25Feb2025 17:36:12.224] [Server thread/WARN] [net.minecraft.server.level.ServerLevel/]: Tried to add entity the_anomaly:anomaly_escape but it was marked as removed already
[25Feb2025 17:36:16.623] [Server thread/WARN] [net.minecraft.server.level.ServerLevel/]: Tried to add entity the_anomaly:anomaly_trap but it was marked as removed already
[25Feb2025 17:36:16.743] [Server thread/WARN] [net.minecraft.server.level.ServerLevel/]: Tried to add entity the_anomaly:anomaly_trap but it was marked as removed already
[25Feb2025 17:36:18.045] [Server thread/WARN] [net.minecraft.server.level.ServerLevel/]: Tried to add entity the_anomaly:anomaly_escape but it was marked as removed already
[25Feb2025 17:36:20.251] [Server thread/WARN] [net.minecraft.server.level.ServerLevel/]: Tried to add entity the_anomaly:anomaly_viewer but it was marked as removed already
[25Feb2025 17:36:23.196] [Server thread/WARN] [net.minecraft.server.level.ServerLevel/]: Tried to add entity the_anomaly:anomaly_escape but it was marked as removed already
[25Feb2025 17:36:23.514] [Server thread/WARN] [net.minecraft.server.MinecraftServer/]: Can't keep up! Is the server overloaded? Running 19051ms or 381 ticks behind
[25Feb2025 17:36:23.515] [Server thread/WARN] [net.minecraft.server.level.ServerLevel/]: Tried to add entity the_anomaly:anomaly_viewer but it was marked as removed already
[25Feb2025 17:36:23.613] [Server thread/WARN] [net.minecraft.server.level.ServerLevel/]: Tried to add entity the_anomaly:anomaly_escape but it was marked as removed already
[25Feb2025 17:36:23.914] [Server thread/WARN] [net.minecraft.server.level.ServerLevel/]: Tried to add entity the_anomaly:anomaly_escape but it was marked as removed already
[25Feb2025 17:36:25.814] [Server thread/WARN] [net.minecraft.server.level.ServerLevel/]: Tried to add entity the_anomaly:anomaly_trap but it was marked as removed already
[25Feb2025 17:36:30.432] [Server thread/WARN] [net.minecraft.server.level.ServerLevel/]: Tried to add entity the_anomaly:anomaly_trap but it was marked as removed already
[25Feb2025 17:36:30.614] [Server thread/WARN] [net.minecraft.server.level.ServerLevel/]: Tried to add entity the_anomaly:anomaly_viewer but it was marked as removed already
[25Feb2025 17:36:31.313] [Server thread/WARN] [net.minecraft.server.level.ServerLevel/]: Tried to add entity the_anomaly:anomaly_viewer but it was marked as removed already
[25Feb2025 17:36:31.314] [Server thread/WARN] [net.minecraft.server.level.ServerLevel/]: Tried to add entity the_anomaly:anomaly_viewer but it was marked as removed already
[25Feb2025 17:36:32.314] [Server thread/WARN] [net.minecraft.server.level.ServerLevel/]: Tried to add entity the_anomaly:anomaly_trap but it was marked as removed already
[25Feb2025 17:36:35.264] [Server thread/WARN] [net.minecraft.server.level.ServerLevel/]: Tried to add entity the_anomaly:anomaly_visitor_2 but it was marked as removed already
[25Feb2025 17:36:35.413] [Server thread/WARN] [net.minecraft.server.level.ServerLevel/]: Tried to add entity the_anomaly:anomaly_trap but it was marked as removed already
[25Feb2025 17:36:35.464] [Server thread/WARN] [net.minecraft.server.level.ServerLevel/]: Tried to add entity the_anomaly:anomaly_trap but it was marked as removed already
[25Feb2025 17:36:36.414] [Server thread/WARN] [net.minecraft.server.level.ServerLevel/]: Tried to add entity the_anomaly:anomaly_escape but it was marked as removed already
[25Feb2025 17:36:36.414] [Server thread/WARN] [net.minecraft.server.level.ServerLevel/]: Tried to add entity the_anomaly:anomaly_escape but it was marked as removed already
[25Feb2025 17:36:36.613] [Server thread/WARN] [net.minecraft.server.level.ServerLevel/]: Tried to add entity the_anomaly:anomaly_escape but it was marked as removed already
[25Feb2025 17:36:37.814] [Server thread/WARN] [net.minecraft.server.level.ServerLevel/]: Tried to add entity the_anomaly:anomaly_viewer but it was marked as removed already
[25Feb2025 17:36:41.263] [Server thread/WARN] [net.minecraft.server.level.ServerLevel/]: Tried to add entity the_anomaly:anomaly_escape but it was marked as removed already
[25Feb2025 17:36:41.264] [Server thread/WARN] [net.minecraft.server.level.ServerLevel/]: Tried to add entity the_anomaly:anomaly_viewer but it was marked as removed already
[25Feb2025 17:36:47.124] [Server thread/WARN] [net.minecraft.server.MinecraftServer/]: Can't keep up! Is the server overloaded? Running 2061ms or 41 ticks behind
[25Feb2025 17:36:49.059] [Server thread/WARN] [net.minecraft.server.level.ServerLevel/]: Tried to add entity the_anomaly:anomaly_viewer but it was marked as removed already
[25Feb2025 17:36:49.920] [Server thread/WARN] [net.minecraft.server.level.ServerLevel/]: Tried to add entity the_anomaly:anomaly_viewer but it was marked as removed already
[25Feb2025 17:36:50.040] [Server thread/WARN] [net.minecraft.server.level.ServerLevel/]: Tried to add entity the_anomaly:anomaly_viewer but it was marked as removed already
[25Feb2025 17:36:50.689] [Server thread/WARN] [net.minecraft.server.level.ServerLevel/]: Tried to add entity the_anomaly:anomaly_viewer but it was marked as removed already
[25Feb2025 17:36:51.375] [Server thread/WARN] [net.minecraft.server.level.ServerLevel/]: Tried to add entity the_anomaly:anomaly_viewer but it was marked as removed already
[25Feb2025 17:37:03.937] [Server thread/WARN] [net.minecraft.server.level.ServerLevel/]: Tried to add entity the_anomaly:anomaly_trap but it was marked as removed already
[25Feb2025 17:37:06.207] [Server thread/WARN] [net.minecraft.server.level.ServerLevel/]: Tried to add entity the_anomaly:anomaly_visitor but it was marked as removed already
[25Feb2025 17:37:06.208] [Server thread/WARN] [net.minecraft.server.level.ServerLevel/]: Tried to add entity the_anomaly:anomaly_visitor but it was marked as removed already
[25Feb2025 17:37:07.435] [Server thread/WARN] [net.minecraft.server.level.ServerLevel/]: Tried to add entity the_anomaly:anomaly_trap but it was marked as removed already
[25Feb2025 17:37:08.273] [Server thread/WARN] [net.minecraft.server.level.ServerLevel/]: Tried to add entity the_anomaly:anomaly_trap but it was marked as removed already
[25Feb2025 17:37:08.515] [Server thread/WARN] [net.minecraft.server.level.ServerLevel/]: Tried to add entity the_anomaly:anomaly_viewer but it was marked as removed already
[25Feb2025 17:37:08.754] [Server thread/WARN] [net.minecraft.server.level.ServerLevel/]: Tried to add entity the_anomaly:anomaly_escape but it was marked as removed already
[25Feb2025 17:37:08.777] [Server thread/WARN] [net.minecraft.server.level.ServerLevel/]: Tried to add entity the_anomaly:anomaly_visitor_2 but it was marked as removed already
[25Feb2025 17:37:09.021] [Server thread/WARN] [net.minecraft.server.level.ServerLevel/]: Tried to add entity the_anomaly:anomaly_viewer but it was marked as removed already
[25Feb2025 17:37:09.337] [Server thread/WARN] [net.minecraft.server.MinecraftServer/]: Can't keep up! Is the server overloaded? Running 7224ms or 144 ticks behind
[25Feb2025 17:37:13.588] [Server thread/WARN] [net.minecraft.server.level.ServerLevel/]: Tried to add entity the_anomaly:anomaly_escape but it was marked as removed already
[25Feb2025 17:37:13.728] [Server thread/WARN] [net.minecraft.server.level.ServerLevel/]: Tried to add entity the_anomaly:anomaly_escape but it was marked as removed already
[25Feb2025 17:37:13.960] [Server thread/WARN] [net.minecraft.server.level.ServerLevel/]: Tried to add entity the_anomaly:anomaly_viewer but it was marked as removed already
[25Feb2025 17:37:13.999] [Server thread/WARN] [net.minecraft.server.level.ServerLevel/]: Tried to add entity the_anomaly:anomaly_viewer but it was marked as removed already
[25Feb2025 17:37:14.062] [Server thread/WARN] [net.minecraft.server.level.ServerLevel/]: Tried to add entity the_anomaly:anomaly_viewer but it was marked as removed already
[25Feb2025 17:37:14.071] [Server thread/WARN] [net.minecraft.server.level.ServerLevel/]: Tried to add entity the_anomaly:anomaly_viewer but it was marked as removed already
[25Feb2025 17:37:14.072] [Server thread/WARN] [net.minecraft.server.level.ServerLevel/]: Tried to add entity the_anomaly:anomaly_viewer but it was marked as removed already
[25Feb2025 17:37:14.414] [Server thread/WARN] [net.minecraft.server.level.ServerLevel/]: Tried to add entity the_anomaly:anomaly_viewer but it was marked as removed already
[25Feb2025 17:37:14.713] [Server thread/WARN] [net.minecraft.server.level.ServerLevel/]: Tried to add entity the_anomaly:anomaly_trap but it was marked as removed already
[25Feb2025 17:37:15.063] [Server thread/WARN] [net.minecraft.server.level.ServerLevel/]: Tried to add entity the_anomaly:anomaly_viewer but it was marked as removed already
[25Feb2025 17:37:15.813] [Server thread/WARN] [net.minecraft.server.level.ServerLevel/]: Tried to add entity the_anomaly:anomaly_trap but it was marked as removed already
[25Feb2025 17:37:16.365] [Server thread/WARN] [net.minecraft.server.level.ServerLevel/]: Tried to add entity the_anomaly:anomaly_viewer but it was marked as removed already
[25Feb2025 17:37:16.563] [Server thread/WARN] [net.minecraft.server.level.ServerLevel/]: Tried to add entity the_anomaly:anomaly_viewer but it was marked as removed already
[25Feb2025 17:37:16.564] [Server thread/WARN] [net.minecraft.server.level.ServerLevel/]: Tried to add entity the_anomaly:anomaly_escape but it was marked as removed already
[25Feb2025 17:37:16.614] [Server thread/WARN] [net.minecraft.server.level.ServerLevel/]: Tried to add entity the_anomaly:anomaly_trap but it was marked as removed already
[25Feb2025 17:37:16.865] [Server thread/WARN] [net.minecraft.server.level.ServerLevel/]: Tried to add entity the_anomaly:anomaly_trap but it was marked as removed already
[25Feb2025 17:37:17.014] [Server thread/WARN] [net.minecraft.server.level.ServerLevel/]: Tried to add entity the_anomaly:anomaly_escape but it was marked as removed already
[25Feb2025 17:37:17.015] [Server thread/WARN] [net.minecraft.server.level.ServerLevel/]: Tried to add entity the_anomaly:anomaly_visitor but it was marked as removed already
[25Feb2025 17:37:19.263] [Server thread/WARN] [net.minecraft.server.level.ServerLevel/]: Tried to add entity the_anomaly:anomaly_viewer but it was marked as removed already
[25Feb2025 17:37:21.014] [Server thread/WARN] [net.minecraft.server.level.ServerLevel/]: Tried to add entity the_anomaly:anomaly_viewer but it was marked as removed already
[25Feb2025 17:37:22.864] [Server thread/WARN] [net.minecraft.server.level.ServerLevel/]: Tried to add entity the_anomaly:anomaly_trap but it was marked as removed already
[25Feb2025 17:37:22.913] [Server thread/WARN] [net.minecraft.server.level.ServerLevel/]: Tried to add entity the_anomaly:anomaly_escape but it was marked as removed already
[25Feb2025 17:37:26.914] [Server thread/WARN] [net.minecraft.server.level.ServerLevel/]: Tried to add entity the_anomaly:anomaly_viewer but it was marked as removed already
[25Feb2025 17:37:27.814] [Server thread/WARN] [net.minecraft.server.level.ServerLevel/]: Tried to add entity the_anomaly:anomaly_escape but it was marked as removed already
[25Feb2025 17:37:28.464] [Server thread/WARN] [net.minecraft.server.level.ServerLevel/]: Tried to add entity the_anomaly:anomaly_visitor but it was marked as removed already
[25Feb2025 17:37:28.513] [Server thread/WARN] [net.minecraft.server.level.ServerLevel/]: Tried to add entity the_anomaly:anomaly_trap but it was marked as removed already
[25Feb2025 17:37:28.614] [Server thread/WARN] [net.minecraft.server.level.ServerLevel/]: Tried to add entity the_anomaly:anomaly_visitor_2 but it was marked as removed already
[25Feb2025 17:37:28.615] [Server thread/WARN] [net.minecraft.server.level.ServerLevel/]: Tried to add entity the_anomaly:anomaly_visitor_2 but it was marked as removed already
[25Feb2025 17:37:28.664] [Server thread/WARN] [net.minecraft.server.level.ServerLevel/]: Tried to add entity the_anomaly:anomaly_visitor_2 but it was marked as removed already
[25Feb2025 17:37:28.715] [Server thread/WARN] [net.minecraft.server.level.ServerLevel/]: Tried to add entity the_anomaly:anomaly_escape but it was marked as removed already
[25Feb2025 17:37:28.763] [Server thread/WARN] [net.minecraft.server.level.ServerLevel/]: Tried to add entity the_anomaly:anomaly_escape but it was marked as removed already
[25Feb2025 17:37:28.816] [Server thread/WARN] [net.minecraft.server.level.ServerLevel/]: Tried to add entity the_anomaly:anomaly_escape but it was marked as removed already
[25Feb2025 17:37:34.214] [Server thread/WARN] [net.minecraft.server.level.ServerLevel/]: Tried to add entity the_anomaly:anomaly_visitor but it was marked as removed already
[25Feb2025 17:37:34.364] [Server thread/WARN] [net.minecraft.server.level.ServerLevel/]: Tried to add entity the_anomaly:anomaly_escape but it was marked as removed already
[25Feb2025 17:37:34.414] [Server thread/WARN] [net.minecraft.server.level.ServerLevel/]: Tried to add entity the_anomaly:anomaly_escape but it was marked as removed already
[25Feb2025 17:37:34.463] [Server thread/WARN] [net.minecraft.server.level.ServerLevel/]: Tried to add entity the_anomaly:anomaly_trap but it was marked as removed already
[25Feb2025 17:37:36.615] [Server thread/WARN] [net.minecraft.server.level.ServerLevel/]: Tried to add entity the_anomaly:anomaly_viewer but it was marked as removed already
[25Feb2025 17:37:36.913] [Server thread/WARN] [net.minecraft.server.level.ServerLevel/]: Tried to add entity the_anomaly:anomaly_visitor_2 but it was marked as removed already
[25Feb2025 17:37:36.914] [Server thread/WARN] [net.minecraft.server.level.ServerLevel/]: Tried to add entity the_anomaly:anomaly_visitor but it was marked as removed already
[25Feb2025 17:37:37.114] [Server thread/WARN] [net.minecraft.server.level.ServerLevel/]: Tried to add entity the_anomaly:anomaly_escape but it was marked as removed already
[25Feb2025 17:37:37.164] [Server thread/WARN] [net.minecraft.server.level.ServerLevel/]: Tried to add entity the_anomaly:anomaly_trap but it was marked as removed already
[25Feb2025 17:37:41.313] [Server thread/WARN] [net.minecraft.server.level.ServerLevel/]: Tried to add entity the_anomaly:anomaly_trap but it was marked as removed already
[25Feb2025 17:37:41.363] [Server thread/WARN] [net.minecraft.server.level.ServerLevel/]: Tried to add entity the_anomaly:anomaly_escape but it was marked as removed already
[25Feb2025 17:37:41.463] [Server thread/WARN] [net.minecraft.server.level.ServerLevel/]: Tried to add entity the_anomaly:anomaly_escape but it was marked as removed already
[25Feb2025 17:37:41.514] [Server thread/WARN] [net.minecraft.server.level.ServerLevel/]: Tried to add entity the_anomaly:anomaly_escape but it was marked as removed already
[25Feb2025 17:37:41.714] [Server thread/WARN] [net.minecraft.server.level.ServerLevel/]: Tried to add entity the_anomaly:anomaly_viewer but it was marked as removed already
[25Feb2025 17:37:41.764] [Server thread/WARN] [net.minecraft.server.level.ServerLevel/]: Tried to add entity the_anomaly:anomaly_viewer but it was marked as removed already
[25Feb2025 17:37:41.765] [Server thread/WARN] [net.minecraft.server.level.ServerLevel/]: Tried to add entity the_anomaly:anomaly_viewer but it was marked as removed already
[25Feb2025 17:37:42.813] [Server thread/WARN] [net.minecraft.server.level.ServerLevel/]: Tried to add entity the_anomaly:anomaly_viewer but it was marked as removed already
[25Feb2025 17:37:42.864] [Server thread/WARN] [net.minecraft.server.level.ServerLevel/]: Tried to add entity the_anomaly:anomaly_visitor_2 but it was marked as removed already
[25Feb2025 17:37:42.864] [Server thread/WARN] [net.minecraft.server.level.ServerLevel/]: Tried to add entity the_anomaly:anomaly_visitor but it was marked as removed already
[25Feb2025 17:37:42.913] [Server thread/WARN] [net.minecraft.server.level.ServerLevel/]: Tried to add entity the_anomaly:anomaly_viewer but it was marked as removed already
[25Feb2025 17:37:50.063] [Server thread/WARN] [net.minecraft.server.level.ServerLevel/]: Tried to add entity the_anomaly:anomaly_escape but it was marked as removed already
[25Feb2025 17:37:50.113] [Server thread/WARN] [net.minecraft.server.level.ServerLevel/]: Tried to add entity the_anomaly:anomaly_escape but it was marked as removed already
[25Feb2025 17:37:53.115] [Server thread/WARN] [net.minecraft.server.level.ServerLevel/]: Tried to add entity the_anomaly:anomaly_trap but it was marked as removed already
[25Feb2025 17:37:53.116] [Server thread/WARN] [net.minecraft.server.level.ServerLevel/]: Tried to add entity the_anomaly:anomaly_trap but it was marked as removed already
[25Feb2025 17:37:53.315] [Server thread/WARN] [net.minecraft.server.level.ServerLevel/]: Tried to add entity the_anomaly:anomaly_visitor_2 but it was marked as removed already
[25Feb2025 17:37:58.513] [Server thread/WARN] [net.minecraft.server.level.ServerLevel/]: Tried to add entity the_anomaly:anomaly_trap but it was marked as removed already
[25Feb2025 17:37:58.914] [Server thread/WARN] [net.minecraft.server.level.ServerLevel/]: Tried to add entity the_anomaly:anomaly_escape but it was marked as removed already
[25Feb2025 17:37:58.964] [Server thread/WARN] [net.minecraft.server.level.ServerLevel/]: Tried to add entity the_anomaly:anomaly_viewer but it was marked as removed already
[25Feb2025 17:37:59.014] [Server thread/WARN] [net.minecraft.server.level.ServerLevel/]: Tried to add entity the_anomaly:anomaly_escape but it was marked as removed already
[25Feb2025 17:38:02.463] [Server thread/WARN] [net.minecraft.server.level.ServerLevel/]: Tried to add entity the_anomaly:anomaly_trap but it was marked as removed already
[25Feb2025 17:38:08.463] [Server thread/WARN] [net.minecraft.server.level.ServerLevel/]: Tried to add entity the_anomaly:anomaly_viewer but it was marked as removed already
[25Feb2025 17:38:09.564] [Server thread/WARN] [net.minecraft.server.level.ServerLevel/]: Tried to add entity the_anomaly:anomaly_escape but it was marked as removed already
[25Feb2025 17:38:16.363] [Server thread/WARN] [net.minecraft.server.level.ServerLevel/]: Tried to add entity the_anomaly:anomaly_visitor but it was marked as removed already
[25Feb2025 17:38:16.964] [Server thread/WARN] [net.minecraft.server.level.ServerLevel/]: Tried to add entity the_anomaly:anomaly_visitor_2 but it was marked as removed already
[25Feb2025 17:38:17.013] [Server thread/WARN] [net.minecraft.server.level.ServerLevel/]: Tried to add entity the_anomaly:anomaly_viewer but it was marked as removed already
[25Feb2025 17:38:17.064] [Server thread/WARN] [net.minecraft.server.level.ServerLevel/]: Tried to add entity the_anomaly:anomaly_viewer but it was marked as removed already
[25Feb2025 17:38:17.315] [Server thread/WARN] [net.minecraft.server.level.ServerLevel/]: Tried to add entity the_anomaly:anomaly_trap but it was marked as removed already
[25Feb2025 17:38:17.613] [Server thread/WARN] [net.minecraft.server.level.ServerLevel/]: Tried to add entity the_anomaly:anomaly_escape but it was marked as removed already
[25Feb2025 17:38:17.663] [Server thread/WARN] [net.minecraft.server.level.ServerLevel/]: Tried to add entity the_anomaly:anomaly_viewer but it was marked as removed already
[25Feb2025 17:38:17.763] [Server thread/WARN] [net.minecraft.server.level.ServerLevel/]: Tried to add entity the_anomaly:anomaly_escape but it was marked as removed already
[25Feb2025 17:38:18.714] [Server thread/WARN] [net.minecraft.server.level.ServerLevel/]: Tried to add entity the_anomaly:anomaly_escape but it was marked as removed already
[25Feb2025 17:38:18.714] [Server thread/WARN] [net.minecraft.server.level.ServerLevel/]: Tried to add entity the_anomaly:anomaly_escape but it was marked as removed already
[25Feb2025 17:38:18.966] [Server thread/WARN] [net.minecraft.server.level.ServerLevel/]: Tried to add entity the_anomaly:anomaly_trap but it was marked as removed already
[25Feb2025 17:38:23.914] [Server thread/WARN] [net.minecraft.server.level.ServerLevel/]: Tried to add entity the_anomaly:anomaly_escape but it was marked as removed already
[25Feb2025 17:38:25.564] [Server thread/WARN] [net.minecraft.server.level.ServerLevel/]: Tried to add entity the_anomaly:anomaly_viewer but it was marked as removed already
[25Feb2025 17:38:25.564] [Server thread/WARN] [net.minecraft.server.level.ServerLevel/]: Tried to add entity the_anomaly:anomaly_trap but it was marked as removed already
[25Feb2025 17:38:30.164] [Server thread/WARN] [net.minecraft.server.level.ServerLevel/]: Tried to add entity the_anomaly:anomaly_viewer but it was marked as removed already
[25Feb2025 17:38:33.414] [Server thread/WARN] [net.minecraft.server.level.ServerLevel/]: Tried to add entity the_anomaly:anomaly_escape but it was marked as removed already
[25Feb2025 17:38:34.014] [Server thread/WARN] [net.minecraft.server.level.ServerLevel/]: Tried to add entity the_anomaly:anomaly_trap but it was marked as removed already
[25Feb2025 17:38:34.264] [Server thread/WARN] [net.minecraft.server.level.ServerLevel/]: Tried to add entity the_anomaly:anomaly_trap but it was marked as removed already
[25Feb2025 17:38:34.313] [Server thread/WARN] [net.minecraft.server.level.ServerLevel/]: Tried to add entity the_anomaly:anomaly_escape but it was marked as removed already
[25Feb2025 17:38:34.914] [Server thread/WARN] [net.minecraft.server.level.ServerLevel/]: Tried to add entity the_anomaly:anomaly_trap but it was marked as removed already
[25Feb2025 17:38:35.213] [Server thread/WARN] [net.minecraft.server.level.ServerLevel/]: Tried to add entity the_anomaly:anomaly_viewer but it was marked as removed already
[25Feb2025 17:38:35.264] [Server thread/WARN] [net.minecraft.server.level.ServerLevel/]: Tried to add entity the_anomaly:anomaly_visitor but it was marked as removed already
[25Feb2025 17:38:35.264] [Server thread/WARN] [net.minecraft.server.level.ServerLevel/]: Tried to add entity the_anomaly:anomaly_visitor but it was marked as removed already
[25Feb2025 17:38:38.014] [Server thread/WARN] [net.minecraft.server.level.ServerLevel/]: Tried to add entity the_anomaly:anomaly_trap but it was marked as removed already
[25Feb2025 17:38:38.014] [Server thread/WARN] [net.minecraft.server.level.ServerLevel/]: Tried to add entity the_anomaly:anomaly_trap but it was marked as removed already
[25Feb2025 17:38:44.913] [Server thread/WARN] [net.minecraft.server.level.ServerLevel/]: Tried to add entity the_anomaly:anomaly_escape but it was marked as removed already
[25Feb2025 17:38:49.863] [Server thread/WARN] [net.minecraft.server.level.ServerLevel/]: Tried to add entity the_anomaly:anomaly_trap but it was marked as removed already
[25Feb2025 17:38:54.064] [Server thread/WARN] [net.minecraft.server.level.ServerLevel/]: Tried to add entity the_anomaly:anomaly_viewer but it was marked as removed already
[25Feb2025 17:38:54.067] [Server thread/WARN] [net.minecraft.server.level.ServerLevel/]: Tried to add entity the_anomaly:anomaly_escape but it was marked as removed already
[25Feb2025 17:38:58.263] [Server thread/WARN] [net.minecraft.server.level.ServerLevel/]: Tried to add entity the_anomaly:anomaly_viewer but it was marked as removed already
[25Feb2025 17:39:01.064] [Server thread/WARN] [net.minecraft.server.level.ServerLevel/]: Tried to add entity the_anomaly:anomaly_trap but it was marked as removed already
[25Feb2025 17:39:01.113] [Server thread/WARN] [net.minecraft.server.level.ServerLevel/]: Tried to add entity the_anomaly:anomaly_trap but it was marked as removed already
[25Feb2025 17:39:02.415] [Server thread/WARN] [net.minecraft.server.level.ServerLevel/]: Tried to add entity the_anomaly:anomaly_viewer but it was marked as removed already
[25Feb2025 17:39:02.515] [Server thread/WARN] [net.minecraft.server.level.ServerLevel/]: Tried to add entity the_anomaly:anomaly_escape but it was marked as removed already
[25Feb2025 17:39:02.593] [Server thread/WARN] [net.minecraft.server.level.ServerLevel/]: Tried to add entity the_anomaly:anomaly_visitor but it was marked as removed already
[25Feb2025 17:39:02.595] [Server thread/WARN] [net.minecraft.server.level.ServerLevel/]: Tried to add entity the_anomaly:anomaly_trap but it was marked as removed already
[25Feb2025 17:39:02.596] [Server thread/WARN] [net.minecraft.server.level.ServerLevel/]: Tried to add entity the_anomaly:anomaly_viewer but it was marked as removed already
[25Feb2025 17:39:02.664] [Server thread/WARN] [net.minecraft.server.level.ServerLevel/]: Tried to add entity the_anomaly:anomaly_escape but it was marked as removed already
[25Feb2025 17:39:02.714] [Server thread/WARN] [net.minecraft.server.level.ServerLevel/]: Tried to add entity the_anomaly:anomaly_trap but it was marked as removed already
[25Feb2025 17:39:02.865] [Server thread/WARN] [net.minecraft.server.level.ServerLevel/]: Tried to add entity the_anomaly:anomaly_trap but it was marked as removed already
[25Feb2025 17:39:04.863] [Server thread/WARN] [net.minecraft.server.level.ServerLevel/]: Tried to add entity the_anomaly:anomaly_trap but it was marked as removed already
[25Feb2025 17:39:04.964] [Server thread/WARN] [net.minecraft.server.level.ServerLevel/]: Tried to add entity the_anomaly:anomaly_escape but it was marked as removed already
[25Feb2025 17:39:05.414] [Server thread/WARN] [net.minecraft.server.level.ServerLevel/]: Tried to add entity the_anomaly:anomaly_escape but it was marked as removed already
[25Feb2025 17:39:06.714] [Server thread/WARN] [net.minecraft.server.level.ServerLevel/]: Tried to add entity the_anomaly:anomaly_escape but it was marked as removed already
[25Feb2025 17:39:06.715] [Server thread/WARN] [net.minecraft.server.level.ServerLevel/]: Tried to add entity the_anomaly:anomaly_escape but it was marked as removed already
[25Feb2025 17:39:06.813] [Server thread/WARN] [net.minecraft.server.level.ServerLevel/]: Tried to add entity the_anomaly:anomaly_viewer but it was marked as removed already
[25Feb2025 17:39:06.963] [Server thread/WARN] [net.minecraft.server.level.ServerLevel/]: Tried to add entity the_anomaly:anomaly_visitor_2 but it was marked as removed already
[25Feb2025 17:39:08.714] [Server thread/WARN] [net.minecraft.server.level.ServerLevel/]: Tried to add entity the_anomaly:anomaly_escape but it was marked as removed already
[25Feb2025 17:39:08.714] [Server thread/WARN] [net.minecraft.server.level.ServerLevel/]: Tried to add entity the_anomaly:anomaly_trap but it was marked as removed already
[25Feb2025 17:39:08.814] [Server thread/WARN] [net.minecraft.server.level.ServerLevel/]: Tried to add entity the_anomaly:anomaly_trap but it was marked as removed already
[25Feb2025 17:39:11.014] [Server thread/WARN] [net.minecraft.server.level.ServerLevel/]: Tried to add entity the_anomaly:anomaly_escape but it was marked as removed already
[25Feb2025 17:39:11.014] [Server thread/WARN] [net.minecraft.server.level.ServerLevel/]: Tried to add entity the_anomaly:anomaly_visitor but it was marked as removed already
[25Feb2025 17:39:11.015] [Server thread/WARN] [net.minecraft.server.level.ServerLevel/]: Tried to add entity the_anomaly:anomaly_visitor_2 but it was marked as removed already
[25Feb2025 17:39:14.163] [Server thread/WARN] [net.minecraft.server.level.ServerLevel/]: Tried to add entity the_anomaly:anomaly_viewer but it was marked as removed already
[25Feb2025 17:39:14.514] [Server thread/WARN] [net.minecraft.server.level.ServerLevel/]: Tried to add entity the_anomaly:anomaly_trap but it was marked as removed already
[25Feb2025 17:39:17.413] [Server thread/WARN] [net.minecraft.server.level.ServerLevel/]: Tried to add entity the_anomaly:anomaly_escape but it was marked as removed already
[25Feb2025 17:39:20.415] [Server thread/WARN] [net.minecraft.server.level.ServerLevel/]: Tried to add entity the_anomaly:anomaly_viewer but it was marked as removed already
[25Feb2025 17:39:20.416] [Server thread/WARN] [net.minecraft.server.level.ServerLevel/]: Tried to add entity the_anomaly:anomaly_trap but it was marked as removed already
[25Feb2025 17:39:20.513] [Server thread/WARN] [net.minecraft.server.level.ServerLevel/]: Tried to add entity the_anomaly:anomaly_trap but it was marked as removed already
[25Feb2025 17:39:20.564] [Server thread/WARN] [net.minecraft.server.level.ServerLevel/]: Tried to add entity the_anomaly:anomaly_viewer but it was marked as removed already
[25Feb2025 17:39:26.913] [Server thread/WARN] [net.minecraft.server.level.ServerLevel/]: Tried to add entity the_anomaly:anomaly_trap but it was marked as removed already
[25Feb2025 17:39:27.013] [Server thread/WARN] [net.minecraft.server.level.ServerLevel/]: Tried to add entity the_anomaly:anomaly_escape but it was marked as removed already
[25Feb2025 17:39:27.014] [Server thread/WARN] [net.minecraft.server.level.ServerLevel/]: Tried to add entity the_anomaly:anomaly_trap but it was marked as removed already
[25Feb2025 17:39:27.113] [Server thread/WARN] [net.minecraft.server.level.ServerLevel/]: Tried to add entity the_anomaly:anomaly_viewer but it was marked as removed already
[25Feb2025 17:39:28.215] [Server thread/WARN] [net.minecraft.server.level.ServerLevel/]: Tried to add entity the_anomaly:anomaly_escape but it was marked as removed already
[25Feb2025 17:39:28.216] [Server thread/WARN] [net.minecraft.server.level.ServerLevel/]: Tried to add entity the_anomaly:anomaly_viewer but it was marked as removed already
[25Feb2025 17:39:31.164] [Server thread/WARN] [net.minecraft.server.level.ServerLevel/]: Tried to add entity the_anomaly:anomaly_viewer but it was marked as removed already
[25Feb2025 17:39:31.214] [Server thread/WARN] [net.minecraft.server.level.ServerLevel/]: Tried to add entity the_anomaly:anomaly_viewer but it was marked as removed already
[25Feb2025 17:39:31.263] [Server thread/WARN] [net.minecraft.server.level.ServerLevel/]: Tried to add entity the_anomaly:anomaly_trap but it was marked as removed already
[25Feb2025 17:39:31.313] [Server thread/WARN] [net.minecraft.server.level.ServerLevel/]: Tried to add entity the_anomaly:anomaly_escape but it was marked as removed already
[25Feb2025 17:39:31.363] [Server thread/WARN] [net.minecraft.server.level.ServerLevel/]: Tried to add entity the_anomaly:anomaly_visitor_2 but it was marked as removed already
[25Feb2025 17:39:31.363] [Server thread/WARN] [net.minecraft.server.level.ServerLevel/]: Tried to add entity the_anomaly:anomaly_escape but it was marked as removed already
[25Feb2025 17:39:34.313] [Server thread/WARN] [net.minecraft.server.level.ServerLevel/]: Tried to add entity the_anomaly:anomaly_visitor_2 but it was marked as removed already
[25Feb2025 17:39:34.364] [Server thread/WARN] [net.minecraft.server.level.ServerLevel/]: Tried to add entity the_anomaly:anomaly_escape but it was marked as removed already
[25Feb2025 17:39:41.014] [Server thread/WARN] [net.minecraft.server.level.ServerLevel/]: Tried to add entity the_anomaly:anomaly_escape but it was marked as removed already
[25Feb2025 17:39:41.114] [Server thread/WARN] [net.minecraft.server.level.ServerLevel/]: Tried to add entity the_anomaly:anomaly_trap but it was marked as removed already
[25Feb2025 17:39:43.913] [Server thread/WARN] [net.minecraft.server.level.ServerLevel/]: Tried to add entity the_anomaly:anomaly_trap but it was marked as removed already
[25Feb2025 17:39:46.064] [Server thread/WARN] [net.minecraft.server.level.ServerLevel/]: Tried to add entity the_anomaly:anomaly_escape but it was marked as removed already
[25Feb2025 17:39:46.065] [Server thread/WARN] [net.minecraft.server.level.ServerLevel/]: Tried to add entity the_anomaly:anomaly_viewer but it was marked as removed already
[25Feb2025 17:39:46.764] [Server thread/WARN] [net.minecraft.server.level.ServerLevel/]: Tried to add entity the_anomaly:anomaly_escape but it was marked as removed already
[25Feb2025 17:39:46.813] [Server thread/WARN] [net.minecraft.server.level.ServerLevel/]: Tried to add entity the_anomaly:anomaly_visitor_2 but it was marked as removed already
[25Feb2025 17:39:49.063] [Server thread/WARN] [net.minecraft.server.level.ServerLevel/]: Tried to add entity the_anomaly:anomaly_escape but it was marked as removed already
[25Feb2025 17:39:49.114] [Server thread/WARN] [net.minecraft.server.level.ServerLevel/]: Tried to add entity the_anomaly:anomaly_viewer but it was marked as removed already
[25Feb2025 17:39:49.214] [Server thread/WARN] [net.minecraft.server.level.ServerLevel/]: Tried to add entity the_anomaly:anomaly_trap but it was marked as removed already
[25Feb2025 17:39:49.313] [Server thread/WARN] [net.minecraft.server.level.ServerLevel/]: Tried to add entity the_anomaly:anomaly_viewer but it was marked as removed already
[25Feb2025 17:39:52.114] [Server thread/WARN] [net.minecraft.server.level.ServerLevel/]: Tried to add entity the_anomaly:anomaly_trap but it was marked as removed already
[25Feb2025 17:39:52.263] [Server thread/WARN] [net.minecraft.server.level.ServerLevel/]: Tried to add entity the_anomaly:anomaly_escape but it was marked as removed already
[25Feb2025 17:39:53.314] [Server thread/WARN] [net.minecraft.server.level.ServerLevel/]: Tried to add entity the_anomaly:anomaly_escape but it was marked as removed already
[25Feb2025 17:39:53.795] [Server thread/WARN] [net.minecraft.server.level.ServerLevel/]: Tried to add entity the_anomaly:anomaly_viewer but it was marked as removed already
[25Feb2025 17:39:53.828] [Server thread/WARN] [net.minecraft.server.level.ServerLevel/]: Tried to add entity the_anomaly:anomaly_escape but it was marked as removed already
[25Feb2025 17:39:53.967] [Server thread/WARN] [net.minecraft.server.level.ServerLevel/]: Tried to add entity the_anomaly:anomaly_viewer but it was marked as removed already
[25Feb2025 17:39:54.014] [Server thread/WARN] [net.minecraft.server.level.ServerLevel/]: Tried to add entity the_anomaly:anomaly_viewer but it was marked as removed already
[25Feb2025 17:39:54.064] [Server thread/WARN] [net.minecraft.server.level.ServerLevel/]: Tried to add entity the_anomaly:anomaly_viewer but it was marked as removed already
[25Feb2025 17:39:54.613] [Server thread/WARN] [net.minecraft.server.level.ServerLevel/]: Tried to add entity the_anomaly:anomaly_escape but it was marked as removed already
[25Feb2025 17:39:54.614] [Server thread/WARN] [net.minecraft.server.level.ServerLevel/]: Tried to add entity the_anomaly:anomaly_escape but it was marked as removed already
[25Feb2025 17:39:55.464] [Server thread/WARN] [net.minecraft.server.level.ServerLevel/]: Tried to add entity the_anomaly:anomaly_visitor but it was marked as removed already
[25Feb2025 17:39:55.464] [Server thread/WARN] [net.minecraft.server.level.ServerLevel/]: Tried to add entity the_anomaly:anomaly_viewer but it was marked as removed already
[25Feb2025 17:39:56.763] [Server thread/WARN] [net.minecraft.server.level.ServerLevel/]: Tried to add entity the_anomaly:anomaly_viewer but it was marked as removed already
[25Feb2025 17:39:56.813] [Server thread/WARN] [net.minecraft.server.level.ServerLevel/]: Tried to add entity the_anomaly:anomaly_trap but it was marked as removed already
[25Feb2025 17:39:57.864] [Server thread/WARN] [net.minecraft.server.level.ServerLevel/]: Tried to add entity the_anomaly:anomaly_escape but it was marked as removed already
[25Feb2025 17:39:58.114] [Server thread/WARN] [net.minecraft.server.level.ServerLevel/]: Tried to add entity the_anomaly:anomaly_trap but it was marked as removed already
[25Feb2025 17:39:58.163] [Server thread/WARN] [net.minecraft.server.level.ServerLevel/]: Tried to add entity the_anomaly:anomaly_trap but it was marked as removed already
[25Feb2025 17:39:58.863] [Server thread/WARN] [net.minecraft.server.level.ServerLevel/]: Tried to add entity the_anomaly:anomaly_trap but it was marked as removed already
[25Feb2025 17:39:59.141] [Server thread/INFO] [net.minecraft.server.MinecraftServer/]: Eduardo25445 has reached the goal [Hired Help]
[25Feb2025 17:39:59.263] [Server thread/WARN] [net.minecraft.server.level.ServerLevel/]: Tried to add entity the_anomaly:anomaly_viewer but it was marked as removed already
[25Feb2025 17:40:00.614] [Server thread/WARN] [net.minecraft.server.level.ServerLevel/]: Tried to add entity the_anomaly:anomaly_escape but it was marked as removed already
[25Feb2025 17:40:00.714] [Server thread/WARN] [net.minecraft.server.level.ServerLevel/]: Tried to add entity the_anomaly:anomaly_trap but it was marked as removed already
[25Feb2025 17:40:00.715] [Server thread/WARN] [net.minecraft.server.level.ServerLevel/]: Tried to add entity the_anomaly:anomaly_trap but it was marked as removed already
[25Feb2025 17:40:00.715] [Server thread/WARN] [net.minecraft.server.level.ServerLevel/]: Tried to add entity the_anomaly:anomaly_trap but it was marked as removed already
[25Feb2025 17:40:00.763] [Server thread/WARN] [net.minecraft.server.level.ServerLevel/]: Tried to add entity the_anomaly:anomaly_trap but it was marked as removed already
[25Feb2025 17:40:00.863] [Server thread/WARN] [net.minecraft.server.level.ServerLevel/]: Tried to add entity the_anomaly:anomaly_trap but it was marked as removed already
[25Feb2025 17:40:00.914] [Server thread/WARN] [net.minecraft.server.level.ServerLevel/]: Tried to add entity the_anomaly:anomaly_viewer but it was marked as removed already
[25Feb2025 17:40:00.964] [Server thread/WARN] [net.minecraft.server.level.ServerLevel/]: Tried to add entity the_anomaly:anomaly_viewer but it was marked as removed already
[25Feb2025 17:40:01.964] [Server thread/WARN] [net.minecraft.server.level.ServerLevel/]: Tried to add entity the_anomaly:anomaly_escape but it was marked as removed already
[25Feb2025 17:40:02.964] [Server thread/WARN] [net.minecraft.server.level.ServerLevel/]: Tried to add entity the_anomaly:anomaly_escape but it was marked as removed already
[25Feb2025 17:40:03.163] [Server thread/WARN] [net.minecraft.server.level.ServerLevel/]: Tried to add entity the_anomaly:anomaly_viewer but it was marked as removed already
[25Feb2025 17:40:03.214] [Server thread/WARN] [net.minecraft.server.level.ServerLevel/]: Tried to add entity the_anomaly:anomaly_trap but it was marked as removed already
[25Feb2025 17:40:05.565] [Server thread/WARN] [net.minecraft.server.level.ServerLevel/]: Tried to add entity the_anomaly:anomaly_trap but it was marked as removed already
[25Feb2025 17:40:05.714] [Server thread/WARN] [net.minecraft.server.level.ServerLevel/]: Tried to add entity the_anomaly:anomaly_trap but it was marked as removed already
[25Feb2025 17:40:05.864] [Server thread/WARN] [net.minecraft.server.level.ServerLevel/]: Tried to add entity the_anomaly:anomaly_escape but it was marked as removed already
[25Feb2025 17:40:05.914] [Server thread/WARN] [net.minecraft.server.level.ServerLevel/]: Tried to add entity the_anomaly:anomaly_escape but it was marked as removed already
[25Feb2025 17:40:05.964] [Server thread/WARN] [net.minecraft.server.level.ServerLevel/]: Tried to add entity the_anomaly:anomaly_escape but it was marked as removed already
[25Feb2025 17:40:06.064] [Server thread/WARN] [net.minecraft.server.level.ServerLevel/]: Tried to add entity the_anomaly:anomaly_viewer but it was marked as removed already
[25Feb2025 17:40:10.464] [Server thread/WARN] [net.minecraft.server.level.ServerLevel/]: Tried to add entity the_anomaly:anomaly_viewer but it was marked as removed already
[25Feb2025 17:40:11.063] [Server thread/WARN] [net.minecraft.server.level.ServerLevel/]: Tried to add entity the_anomaly:anomaly_visitor but it was marked as removed already
[25Feb2025 17:40:15.313] [Server thread/WARN] [net.minecraft.server.level.ServerLevel/]: Tried to add entity the_anomaly:anomaly_trap but it was marked as removed already
[25Feb2025 17:40:21.613] [Server thread/WARN] [net.minecraft.server.level.ServerLevel/]: Tried to add entity the_anomaly:anomaly_trap but it was marked as removed already
[25Feb2025 17:40:22.264] [Server thread/WARN] [net.minecraft.server.level.ServerLevel/]: Tried to add entity the_anomaly:anomaly_escape but it was marked as removed already
[25Feb2025 17:40:22.316] [Server thread/WARN] [net.minecraft.server.level.ServerLevel/]: Tried to add entity the_anomaly:anomaly_trap but it was marked as removed already
[25Feb2025 17:40:22.364] [Server thread/WARN] [net.minecraft.server.level.ServerLevel/]: Tried to add entity the_anomaly:anomaly_viewer but it was marked as removed already
[25Feb2025 17:40:22.564] [Server thread/WARN] [net.minecraft.server.level.ServerLevel/]: Tried to add entity the_anomaly:anomaly_viewer but it was marked as removed already
[25Feb2025 17:40:22.764] [Server thread/WARN] [net.minecraft.server.level.ServerLevel/]: Tried to add entity the_anomaly:anomaly_viewer but it was marked as removed already
[25Feb2025 17:40:23.313] [Server thread/WARN] [net.minecraft.server.level.ServerLevel/]: Tried to add entity the_anomaly:anomaly_visitor but it was marked as removed already
[25Feb2025 17:40:23.314] [Server thread/WARN] [net.minecraft.server.level.ServerLevel/]: Tried to add entity the_anomaly:anomaly_trap but it was marked as removed already
[25Feb2025 17:40:23.363] [Server thread/WARN] [net.minecraft.server.level.ServerLevel/]: Tried to add entity the_anomaly:anomaly_escape but it was marked as removed already
[25Feb2025 17:40:23.967] [Server thread/WARN] [net.minecraft.server.level.ServerLevel/]: Tried to add entity the_anomaly:anomaly_visitor but it was marked as removed already
[25Feb2025 17:40:24.214] [Server thread/WARN] [net.minecraft.server.level.ServerLevel/]: Tried to add entity the_anomaly:anomaly_viewer but it was marked as removed already
[25Feb2025 17:40:24.214] [Server thread/WARN] [net.minecraft.server.level.ServerLevel/]: Tried to add entity the_anomaly:anomaly_trap but it was marked as removed already
[25Feb2025 17:40:24.216] [Server thread/WARN] [net.minecraft.server.level.ServerLevel/]: Tried to add entity the_anomaly:anomaly_viewer but it was marked as removed already
[25Feb2025 17:40:24.265] [Server thread/WARN] [net.minecraft.server.level.ServerLevel/]: Tried to add entity the_anomaly:anomaly_escape but it was marked as removed already
[25Feb2025 17:40:24.265] [Server thread/WARN] [net.minecraft.server.level.ServerLevel/]: Tried to add entity the_anomaly:anomaly_viewer but it was marked as removed already
[25Feb2025 17:40:24.317] [Server thread/WARN] [net.minecraft.server.level.ServerLevel/]: Tried to add entity the_anomaly:anomaly_trap but it was marked as removed already
[25Feb2025 17:40:24.515] [Server thread/WARN] [net.minecraft.server.level.ServerLevel/]: Tried to add entity the_anomaly:anomaly_escape but it was marked as removed already
[25Feb2025 17:40:24.516] [Server thread/WARN] [net.minecraft.server.level.ServerLevel/]: Tried to add entity the_anomaly:anomaly_viewer but it was marked as removed already
[25Feb2025 17:40:24.664] [Server thread/WARN] [net.minecraft.server.level.ServerLevel/]: Tried to add entity the_anomaly:anomaly_escape but it was marked as removed already
[25Feb2025 17:40:24.964] [Server thread/WARN] [net.minecraft.server.level.ServerLevel/]: Tried to add entity the_anomaly:anomaly_escape but it was marked as removed already
[25Feb2025 17:40:25.015] [Server thread/WARN] [net.minecraft.server.level.ServerLevel/]: Tried to add entity the_anomaly:anomaly_viewer but it was marked as removed already
[25Feb2025 17:40:25.064] [Server thread/WARN] [net.minecraft.server.level.ServerLevel/]: Tried to add entity the_anomaly:anomaly_trap but it was marked as removed already
[25Feb2025 17:40:25.114] [Server thread/WARN] [net.minecraft.server.level.ServerLevel/]: Tried to add entity the_anomaly:anomaly_viewer but it was marked as removed already
[25Feb2025 17:40:25.464] [Server thread/WARN] [net.minecraft.server.level.ServerLevel/]: Tried to add entity the_anomaly:anomaly_visitor_2 but it was marked as removed already
[25Feb2025 17:40:25.763] [Server thread/WARN] [net.minecraft.server.level.ServerLevel/]: Tried to add entity the_anomaly:anomaly_viewer but it was marked as removed already
[25Feb2025 17:40:25.864] [Server thread/WARN] [net.minecraft.server.level.ServerLevel/]: Tried to add entity the_anomaly:anomaly_viewer but it was marked as removed already
[25Feb2025 17:40:25.964] [Server thread/WARN] [net.minecraft.server.level.ServerLevel/]: Tried to add entity the_anomaly:anomaly_escape but it was marked as removed already
[25Feb2025 17:40:26.813] [Server thread/WARN] [net.minecraft.server.level.ServerLevel/]: Tried to add entity the_anomaly:anomaly_trap but it was marked as removed already
[25Feb2025 17:40:32.014] [Server thread/WARN] [net.minecraft.server.level.ServerLevel/]: Tried to add entity the_anomaly:anomaly_trap but it was marked as removed already
[25Feb2025 17:40:32.963] [Server thread/WARN] [net.minecraft.server.level.ServerLevel/]: Tried to add entity the_anomaly:anomaly_visitor but it was marked as removed already
[25Feb2025 17:40:32.964] [Server thread/WARN] [net.minecraft.server.level.ServerLevel/]: Tried to add entity the_anomaly:anomaly_visitor but it was marked as removed already
[25Feb2025 17:40:37.463] [Server thread/WARN] [net.minecraft.server.level.ServerLevel/]: Tried to add entity the_anomaly:anomaly_viewer but it was marked as removed already
[25Feb2025 17:40:40.763] [Server thread/WARN] [net.minecraft.server.level.ServerLevel/]: Tried to add entity the_anomaly:anomaly_escape but it was marked as removed already
[25Feb2025 17:40:41.663] [Server thread/WARN] [net.minecraft.server.level.ServerLevel/]: Tried to add entity the_anomaly:anomaly_trap but it was marked as removed already
[25Feb2025 17:40:41.864] [Server thread/WARN] [net.minecraft.server.level.ServerLevel/]: Tried to add entity the_anomaly:anomaly_viewer but it was marked as removed already
[25Feb2025 17:40:41.864] [Server thread/WARN] [net.minecraft.server.level.ServerLevel/]: Tried to add entity the_anomaly:anomaly_trap but it was marked as removed already
[25Feb2025 17:40:41.914] [Server thread/WARN] [net.minecraft.server.level.ServerLevel/]: Tried to add entity the_anomaly:anomaly_visitor but it was marked as removed already
[25Feb2025 17:40:41.914] [Server thread/WARN] [net.minecraft.server.level.ServerLevel/]: Tried to add entity the_anomaly:anomaly_viewer but it was marked as removed already
[25Feb2025 17:40:43.414] [Server thread/WARN] [net.minecraft.server.level.ServerLevel/]: Tried to add entity the_anomaly:anomaly_viewer but it was marked as removed already
[25Feb2025 17:40:46.963] [Server thread/WARN] [net.minecraft.server.level.ServerLevel/]: Tried to add entity the_anomaly:anomaly_escape but it was marked as removed already
[25Feb2025 17:40:47.013] [Server thread/WARN] [net.minecraft.server.level.ServerLevel/]: Tried to add entity the_anomaly:anomaly_viewer but it was marked as removed already
[25Feb2025 17:40:53.763] [Server thread/WARN] [net.minecraft.server.level.ServerLevel/]: Tried to add entity the_anomaly:anomaly_trap but it was marked as removed already
[25Feb2025 17:40:53.863] [Server thread/WARN] [net.minecraft.server.level.ServerLevel/]: Tried to add entity the_anomaly:anomaly_viewer but it was marked as removed already
[25Feb2025 17:40:57.113] [Server thread/WARN] [net.minecraft.server.level.ServerLevel/]: Tried to add entity the_anomaly:anomaly_escape but it was marked as removed already
[25Feb2025 17:40:57.214] [Server thread/WARN] [net.minecraft.server.level.ServerLevel/]: Tried to add entity the_anomaly:anomaly_viewer but it was marked as removed already
[25Feb2025 17:40:57.268] [Server thread/WARN] [net.minecraft.server.level.ServerLevel/]: Tried to add entity the_anomaly:anomaly_escape but it was marked as removed already
[25Feb2025 17:40:57.269] [Server thread/WARN] [net.minecraft.server.level.ServerLevel/]: Tried to add entity the_anomaly:anomaly_trap but it was marked as removed already
[25Feb2025 17:40:57.414] [Server thread/WARN] [net.minecraft.server.level.ServerLevel/]: Tried to add entity the_anomaly:anomaly_trap but it was marked as removed already
[25Feb2025 17:40:57.464] [Server thread/WARN] [net.minecraft.server.level.ServerLevel/]: Tried to add entity the_anomaly:anomaly_escape but it was marked as removed already
[25Feb2025 17:40:57.514] [Server thread/WARN] [net.minecraft.server.level.ServerLevel/]: Tried to add entity the_anomaly:anomaly_escape but it was marked as removed already
[25Feb2025 17:40:57.614] [Server thread/WARN] [net.minecraft.server.level.ServerLevel/]: Tried to add entity the_anomaly:anomaly_visitor but it was marked as removed already
[25Feb2025 17:40:58.065] [Server thread/WARN] [net.minecraft.server.level.ServerLevel/]: Tried to add entity the_anomaly:anomaly_viewer but it was marked as removed already
[25Feb2025 17:40:58.269] [Server thread/WARN] [net.minecraft.server.level.ServerLevel/]: Tried to add entity the_anomaly:anomaly_visitor but it was marked as removed already
[25Feb2025 17:40:58.415] [Server thread/WARN] [net.minecraft.server.level.ServerLevel/]: Tried to add entity the_anomaly:anomaly_escape but it was marked as removed already
[25Feb2025 17:40:58.814] [Server thread/WARN] [net.minecraft.server.level.ServerLevel/]: Tried to add entity the_anomaly:anomaly_trap but it was marked as removed already
[25Feb2025 17:40:58.914] [Server thread/WARN] [net.minecraft.server.level.ServerLevel/]: Tried to add entity the_anomaly:anomaly_visitor but it was marked as removed already
[25Feb2025 17:40:58.915] [Server thread/WARN] [net.minecraft.server.level.ServerLevel/]: Tried to add entity the_anomaly:anomaly_trap but it was marked as removed already
[25Feb2025 17:40:59.213] [Server thread/WARN] [net.minecraft.server.level.ServerLevel/]: Tried to add entity the_anomaly:anomaly_trap but it was marked as removed already
[25Feb2025 17:40:59.514] [Server thread/WARN] [net.minecraft.server.level.ServerLevel/]: Tried to add entity the_anomaly:anomaly_viewer but it was marked as removed already
[25Feb2025 17:40:59.514] [Server thread/WARN] [net.minecraft.server.level.ServerLevel/]: Tried to add entity the_anomaly:anomaly_trap but it was marked as removed already
[25Feb2025 17:40:59.713] [Server thread/WARN] [net.minecraft.server.level.ServerLevel/]: Tried to add entity the_anomaly:anomaly_trap but it was marked as removed already
[25Feb2025 17:41:00.014] [Server thread/WARN] [net.minecraft.server.level.ServerLevel/]: Tried to add entity the_anomaly:anomaly_viewer but it was marked as removed already
[25Feb2025 17:41:00.863] [Server thread/WARN] [net.minecraft.server.level.ServerLevel/]: Tried to add entity the_anomaly:anomaly_trap but it was marked as removed already
[25Feb2025 17:41:01.249] [Server thread/WARN] [net.minecraft.server.level.ServerLevel/]: Tried to add entity the_anomaly:anomaly_trap but it was marked as removed already
[25Feb2025 17:41:01.250] [Server thread/WARN] [net.minecraft.server.level.ServerLevel/]: Tried to add entity the_anomaly:anomaly_viewer but it was marked as removed already
[25Feb2025 17:41:01.250] [Server thread/WARN] [net.minecraft.server.level.ServerLevel/]: Tried to add entity the_anomaly:anomaly_trap but it was marked as removed already
[25Feb2025 17:41:01.313] [Server thread/WARN] [net.minecraft.server.level.ServerLevel/]: Tried to add entity the_anomaly:anomaly_escape but it was marked as removed already
[25Feb2025 17:41:01.364] [Server thread/WARN] [net.minecraft.server.level.ServerLevel/]: Tried to add entity the_anomaly:anomaly_escape but it was marked as removed already
[25Feb2025 17:41:01.364] [Server thread/WARN] [net.minecraft.server.level.ServerLevel/]: Tried to add entity the_anomaly:anomaly_viewer but it was marked as removed already
[25Feb2025 17:41:01.514] [Server thread/WARN] [net.minecraft.server.level.ServerLevel/]: Tried to add entity the_anomaly:anomaly_escape but it was marked as removed already
[25Feb2025 17:41:01.514] [Server thread/WARN] [net.minecraft.server.level.ServerLevel/]: Tried to add entity the_anomaly:anomaly_visitor_2 but it was marked as removed already
[25Feb2025 17:41:01.564] [Server thread/WARN] [net.minecraft.server.level.ServerLevel/]: Tried to add entity the_anomaly:anomaly_escape but it was marked as removed already
[25Feb2025 17:41:01.565] [Server thread/WARN] [net.minecraft.server.level.ServerLevel/]: Tried to add entity the_anomaly:anomaly_escape but it was marked as removed already
[25Feb2025 17:41:01.813] [Server thread/WARN] [net.minecraft.server.level.ServerLevel/]: Tried to add entity the_anomaly:anomaly_escape but it was marked as removed already
[25Feb2025 17:41:01.913] [Server thread/WARN] [net.minecraft.server.level.ServerLevel/]: Tried to add entity the_anomaly:anomaly_viewer but it was marked as removed already
[25Feb2025 17:41:01.915] [Server thread/WARN] [net.minecraft.server.level.ServerLevel/]: Tried to add entity the_anomaly:anomaly_escape but it was marked as removed already
[25Feb2025 17:41:01.965] [Server thread/WARN] [net.minecraft.server.level.ServerLevel/]: Tried to add entity the_anomaly:anomaly_escape but it was marked as removed already
[25Feb2025 17:41:03.714] [Server thread/WARN] [net.minecraft.server.level.ServerLevel/]: Tried to add entity the_anomaly:anomaly_viewer but it was marked as removed already
[25Feb2025 17:41:03.964] [Server thread/WARN] [net.minecraft.server.level.ServerLevel/]: Tried to add entity the_anomaly:anomaly_escape but it was marked as removed already
[25Feb2025 17:41:04.064] [Server thread/WARN] [net.minecraft.server.level.ServerLevel/]: Tried to add entity the_anomaly:anomaly_viewer but it was marked as removed already
[25Feb2025 17:41:04.114] [Server thread/WARN] [net.minecraft.server.level.ServerLevel/]: Tried to add entity the_anomaly:anomaly_viewer but it was marked as removed already
[25Feb2025 17:41:04.314] [Server thread/WARN] [net.minecraft.server.level.ServerLevel/]: Tried to add entity the_anomaly:anomaly_trap but it was marked as removed already
[25Feb2025 17:41:04.364] [Server thread/WARN] [net.minecraft.server.level.ServerLevel/]: Tried to add entity the_anomaly:anomaly_escape but it was marked as removed already
[25Feb2025 17:41:04.614] [Server thread/WARN] [net.minecraft.server.level.ServerLevel/]: Tried to add entity the_anomaly:anomaly_trap but it was marked as removed already
[25Feb2025 17:41:04.714] [Server thread/WARN] [net.minecraft.server.level.ServerLevel/]: Tried to add entity the_anomaly:anomaly_escape but it was marked as removed already
[25Feb2025 17:41:04.914] [Server thread/WARN] [net.minecraft.server.level.ServerLevel/]: Tried to add entity the_anomaly:anomaly_trap but it was marked as removed already
[25Feb2025 17:41:05.015] [Server thread/WARN] [net.minecraft.server.level.ServerLevel/]: Tried to add entity the_anomaly:anomaly_viewer but it was marked as removed already
[25Feb2025 17:41:05.113] [Server thread/WARN] [net.minecraft.server.level.ServerLevel/]: Tried to add entity the_anomaly:anomaly_viewer but it was marked as removed already
[25Feb2025 17:41:11.414] [Server thread/WARN] [net.minecraft.server.level.ServerLevel/]: Tried to add entity the_anomaly:anomaly_escape but it was marked as removed already
[25Feb2025 17:41:11.514] [Server thread/WARN] [net.minecraft.server.level.ServerLevel/]: Tried to add entity the_anomaly:anomaly_escape but it was marked as removed already
[25Feb2025 17:41:11.814] [Server thread/WARN] [net.minecraft.server.level.ServerLevel/]: Tried to add entity the_anomaly:anomaly_viewer but it was marked as removed already
[25Feb2025 17:41:11.815] [Server thread/WARN] [net.minecraft.server.level.ServerLevel/]: Tried to add entity the_anomaly:anomaly_escape but it was marked as removed already
[25Feb2025 17:41:13.964] [Server thread/WARN] [net.minecraft.server.level.ServerLevel/]: Tried to add entity the_anomaly:anomaly_escape but it was marked as removed already
[25Feb2025 17:41:14.014] [Server thread/WARN] [net.minecraft.server.level.ServerLevel/]: Tried to add entity the_anomaly:anomaly_trap but it was marked as removed already
[25Feb2025 17:41:14.015] [Server thread/WARN] [net.minecraft.server.level.ServerLevel/]: Tried to add entity the_anomaly:anomaly_trap but it was marked as removed already
[25Feb2025 17:41:14.113] [Server thread/WARN] [net.minecraft.server.level.ServerLevel/]: Tried to add entity the_anomaly:anomaly_trap but it was marked as removed already
[25Feb2025 17:41:14.114] [Server thread/WARN] [net.minecraft.server.level.ServerLevel/]: Tried to add entity the_anomaly:anomaly_visitor_2 but it was marked as removed already
[25Feb2025 17:41:14.164] [Server thread/WARN] [net.minecraft.server.level.ServerLevel/]: Tried to add entity the_anomaly:anomaly_viewer but it was marked as removed already
[25Feb2025 17:41:14.364] [Server thread/WARN] [net.minecraft.server.level.ServerLevel/]: Tried to add entity the_anomaly:anomaly_escape but it was marked as removed already
[25Feb2025 17:41:14.464] [Server thread/WARN] [net.minecraft.server.level.ServerLevel/]: Tried to add entity the_anomaly:anomaly_escape but it was marked as removed already
[25Feb2025 17:41:14.564] [Server thread/WARN] [net.minecraft.server.level.ServerLevel/]: Tried to add entity the_anomaly:anomaly_escape but it was marked as removed already
[25Feb2025 17:41:16.263] [Server thread/WARN] [net.minecraft.server.level.ServerLevel/]: Tried to add entity the_anomaly:anomaly_trap but it was marked as removed already
[25Feb2025 17:41:16.414] [Server thread/WARN] [net.minecraft.server.level.ServerLevel/]: Tried to add entity the_anomaly:anomaly_trap but it was marked as removed already
[25Feb2025 17:41:16.415] [Server thread/WARN] [net.minecraft.server.level.ServerLevel/]: Tried to add entity the_anomaly:anomaly_escape but it was marked as removed already
[25Feb2025 17:41:16.564] [Server thread/WARN] [net.minecraft.server.level.ServerLevel/]: Tried to add entity the_anomaly:anomaly_escape but it was marked as removed already
[25Feb2025 17:41:16.763] [Server thread/WARN] [net.minecraft.server.level.ServerLevel/]: Tried to add entity the_anomaly:anomaly_viewer but it was marked as removed already
[25Feb2025 17:41:16.814] [Server thread/WARN] [net.minecraft.server.level.ServerLevel/]: Tried to add entity the_anomaly:anomaly_escape but it was marked as removed already
[25Feb2025 17:41:22.013] [Server thread/WARN] [net.minecraft.server.level.ServerLevel/]: Tried to add entity the_anomaly:anomaly_viewer but it was marked as removed already
[25Feb2025 17:41:22.015] [Server thread/WARN] [net.minecraft.server.level.ServerLevel/]: Tried to add entity the_anomaly:anomaly_trap but it was marked as removed already
[25Feb2025 17:41:22.063] [Server thread/WARN] [net.minecraft.server.level.ServerLevel/]: Tried to add entity the_anomaly:anomaly_viewer but it was marked as removed already
[25Feb2025 17:41:22.064] [Server thread/WARN] [net.minecraft.server.level.ServerLevel/]: Tried to add entity the_anomaly:anomaly_escape but it was marked as removed already
[25Feb2025 17:41:22.364] [Server thread/WARN] [net.minecraft.server.level.ServerLevel/]: Tried to add entity the_anomaly:anomaly_trap but it was marked as removed already
[25Feb2025 17:41:23.213] [Server thread/WARN] [net.minecraft.server.level.ServerLevel/]: Tried to add entity the_anomaly:anomaly_viewer but it was marked as removed already
[25Feb2025 17:41:23.265] [Server thread/WARN] [net.minecraft.server.level.ServerLevel/]: Tried to add entity the_anomaly:anomaly_trap but it was marked as removed already
[25Feb2025 17:41:23.315] [Server thread/WARN] [net.minecraft.server.level.ServerLevel/]: Tried to add entity the_anomaly:anomaly_trap but it was marked as removed already
[25Feb2025 17:41:23.364] [Server thread/WARN] [net.minecraft.server.level.ServerLevel/]: Tried to add entity the_anomaly:anomaly_escape but it was marked as removed already
[25Feb2025 17:41:23.413] [Server thread/WARN] [net.minecraft.server.level.ServerLevel/]: Tried to add entity the_anomaly:anomaly_viewer but it was marked as removed already
[25Feb2025 17:41:23.514] [Server thread/WARN] [net.minecraft.server.level.ServerLevel/]: Tried to add entity the_anomaly:anomaly_visitor but it was marked as removed already
[25Feb2025 17:41:23.515] [Server thread/WARN] [net.minecraft.server.level.ServerLevel/]: Tried to add entity the_anomaly:anomaly_escape but it was marked as removed already
[25Feb2025 17:41:24.913] [Server thread/WARN] [net.minecraft.server.level.ServerLevel/]: Tried to add entity the_anomaly:anomaly_trap but it was marked as removed already
[25Feb2025 17:41:24.963] [Server thread/WARN] [net.minecraft.server.level.ServerLevel/]: Tried to add entity the_anomaly:anomaly_trap but it was marked as removed already
[25Feb2025 17:41:25.214] [Server thread/WARN] [net.minecraft.server.level.ServerLevel/]: Tried to add entity the_anomaly:anomaly_escape but it was marked as removed already
[25Feb2025 17:41:25.215] [Server thread/WARN] [net.minecraft.server.level.ServerLevel/]: Tried to add entity the_anomaly:anomaly_trap but it was marked as removed already
[25Feb2025 17:41:25.363] [Server thread/WARN] [net.minecraft.server.level.ServerLevel/]: Tried to add entity the_anomaly:anomaly_escape but it was marked as removed already
[25Feb2025 17:41:25.514] [Server thread/WARN] [net.minecraft.server.level.ServerLevel/]: Tried to add entity the_anomaly:anomaly_viewer but it was marked as removed already
[25Feb2025 17:41:25.564] [Server thread/WARN] [net.minecraft.server.level.ServerLevel/]: Tried to add entity the_anomaly:anomaly_trap but it was marked as removed already
[25Feb2025 17:41:25.664] [Server thread/WARN] [net.minecraft.server.level.ServerLevel/]: Tried to add entity the_anomaly:anomaly_visitor but it was marked as removed already
[25Feb2025 17:41:25.664] [Server thread/WARN] [net.minecraft.server.level.ServerLevel/]: Tried to add entity the_anomaly:anomaly_escape but it was marked as removed already
[25Feb2025 17:41:25.967] [Server thread/WARN] [net.minecraft.server.level.ServerLevel/]: Tried to add entity the_anomaly:anomaly_trap but it was marked as removed already
[25Feb2025 17:41:28.813] [Server thread/WARN] [net.minecraft.server.level.ServerLevel/]: Tried to add entity the_anomaly:anomaly_escape but it was marked as removed already
[25Feb2025 17:41:29.114] [Server thread/WARN] [net.minecraft.server.level.ServerLevel/]: Tried to add entity the_anomaly:anomaly_trap but it was marked as removed already
[25Feb2025 17:41:32.264] [Server thread/WARN] [net.minecraft.server.level.ServerLevel/]: Tried to add entity the_anomaly:anomaly_trap but it was marked as removed already
[25Feb2025 17:41:32.563] [Server thread/WARN] [net.minecraft.server.level.ServerLevel/]: Tried to add entity the_anomaly:anomaly_viewer but it was marked as removed already
[25Feb2025 17:41:32.564] [Server thread/WARN] [net.minecraft.server.level.ServerLevel/]: Tried to add entity the_anomaly:anomaly_escape but it was marked as removed already
[25Feb2025 17:41:32.914] [Server thread/WARN] [net.minecraft.server.level.ServerLevel/]: Tried to add entity the_anomaly:anomaly_trap but it was marked as removed already
[25Feb2025 17:41:33.164] [Server thread/WARN] [net.minecraft.server.level.ServerLevel/]: Tried to add entity the_anomaly:anomaly_trap but it was marked as removed already
[25Feb2025 17:41:33.964] [Server thread/WARN] [net.minecraft.server.level.ServerLevel/]: Tried to add entity the_anomaly:anomaly_trap but it was marked as removed already
[25Feb2025 17:41:34.414] [Server thread/WARN] [net.minecraft.server.level.ServerLevel/]: Tried to add entity the_anomaly:anomaly_viewer but it was marked as removed already
[25Feb2025 17:41:34.814] [Server thread/WARN] [net.minecraft.server.level.ServerLevel/]: Tried to add entity the_anomaly:anomaly_trap but it was marked as removed already
[25Feb2025 17:41:35.314] [Server thread/WARN] [net.minecraft.server.level.ServerLevel/]: Tried to add entity the_anomaly:anomaly_escape but it was marked as removed already
[25Feb2025 17:41:36.165] [Server thread/WARN] [net.minecraft.server.level.ServerLevel/]: Tried to add entity the_anomaly:anomaly_trap but it was marked as removed already
[25Feb2025 17:41:36.464] [Server thread/WARN] [net.minecraft.server.level.ServerLevel/]: Tried to add entity the_anomaly:anomaly_trap but it was marked as removed already
[25Feb2025 17:41:37.164] [Server thread/WARN] [net.minecraft.server.level.ServerLevel/]: Tried to add entity the_anomaly:anomaly_escape but it was marked as removed already
[25Feb2025 17:41:37.314] [Server thread/WARN] [net.minecraft.server.level.ServerLevel/]: Tried to add entity the_anomaly:anomaly_trap but it was marked as removed already
[25Feb2025 17:41:37.413] [Server thread/WARN] [net.minecraft.server.level.ServerLevel/]: Tried to add entity the_anomaly:anomaly_trap but it was marked as removed already
[25Feb2025 17:41:38.164] [Server thread/WARN] [net.minecraft.server.level.ServerLevel/]: Tried to add entity the_anomaly:anomaly_trap but it was marked as removed already
[25Feb2025 17:41:38.263] [Server thread/WARN] [net.minecraft.server.level.ServerLevel/]: Tried to add entity the_anomaly:anomaly_escape but it was marked as removed already
[25Feb2025 17:41:39.214] [Server thread/WARN] [net.minecraft.server.level.ServerLevel/]: Tried to add entity the_anomaly:anomaly_trap but it was marked as removed already
[25Feb2025 17:41:39.464] [Server thread/WARN] [net.minecraft.server.level.ServerLevel/]: Tried to add entity the_anomaly:anomaly_trap but it was marked as removed already
[25Feb2025 17:41:39.813] [Server thread/WARN] [net.minecraft.server.level.ServerLevel/]: Tried to add entity the_anomaly:anomaly_escape but it was marked as removed already
[25Feb2025 17:41:40.013] [Server thread/WARN] [net.minecraft.server.level.ServerLevel/]: Tried to add entity the_anomaly:anomaly_trap but it was marked as removed already
[25Feb2025 17:41:40.614] [Server thread/WARN] [net.minecraft.server.level.ServerLevel/]: Tried to add entity the_anomaly:anomaly_viewer but it was marked as removed already
[25Feb2025 17:41:40.668] [Server thread/WARN] [net.minecraft.server.level.ServerLevel/]: Tried to add entity the_anomaly:anomaly_escape but it was marked as removed already
[25Feb2025 17:41:42.314] [Server thread/WARN] [net.minecraft.server.level.ServerLevel/]: Tried to add entity the_anomaly:anomaly_trap but it was marked as removed already
[25Feb2025 17:41:42.464] [Server thread/WARN] [net.minecraft.server.level.ServerLevel/]: Tried to add entity the_anomaly:anomaly_escape but it was marked as removed already
[25Feb2025 17:41:42.563] [Server thread/WARN] [net.minecraft.server.level.ServerLevel/]: Tried to add entity the_anomaly:anomaly_escape but it was marked as removed already
[25Feb2025 17:41:42.663] [Server thread/WARN] [net.minecraft.server.level.ServerLevel/]: Tried to add entity the_anomaly:anomaly_viewer but it was marked as removed already
[25Feb2025 17:41:46.214] [Server thread/WARN] [net.minecraft.server.level.ServerLevel/]: Tried to add entity the_anomaly:anomaly_trap but it was marked as removed already
[25Feb2025 17:41:56.614] [Server thread/WARN] [net.minecraft.server.level.ServerLevel/]: Tried to add entity the_anomaly:anomaly_viewer but it was marked as removed already
[25Feb2025 17:41:57.714] [Server thread/WARN] [net.minecraft.server.level.ServerLevel/]: Tried to add entity the_anomaly:anomaly_viewer but it was marked as removed already
[25Feb2025 17:41:58.513] [Server thread/WARN] [net.minecraft.server.level.ServerLevel/]: Tried to add entity the_anomaly:anomaly_trap but it was marked as removed already
[25Feb2025 17:41:59.164] [Server thread/WARN] [net.minecraft.server.level.ServerLevel/]: Tried to add entity the_anomaly:anomaly_viewer but it was marked as removed already
[25Feb2025 17:41:59.214] [Server thread/WARN] [net.minecraft.server.level.ServerLevel/]: Tried to add entity the_anomaly:anomaly_trap but it was marked as removed already
[25Feb2025 17:41:59.814] [Server thread/WARN] [net.minecraft.server.level.ServerLevel/]: Tried to add entity the_anomaly:anomaly_escape but it was marked as removed already
[25Feb2025 17:42:02.264] [Server thread/WARN] [net.minecraft.server.level.ServerLevel/]: Tried to add entity the_anomaly:anomaly_viewer but it was marked as removed already
[25Feb2025 17:42:02.266] [Server thread/WARN] [net.minecraft.server.level.ServerLevel/]: Tried to add entity the_anomaly:anomaly_escape but it was marked as removed already
[25Feb2025 17:42:02.266] [Server thread/WARN] [net.minecraft.server.level.ServerLevel/]: Tried to add entity the_anomaly:anomaly_viewer but it was marked as removed already
[25Feb2025 17:42:02.814] [Server thread/WARN] [net.minecraft.server.level.ServerLevel/]: Tried to add entity the_anomaly:anomaly_trap but it was marked as removed already
[25Feb2025 17:42:02.914] [Server thread/WARN] [net.minecraft.server.level.ServerLevel/]: Tried to add entity the_anomaly:anomaly_escape but it was marked as removed already
[25Feb2025 17:42:02.915] [Server thread/WARN] [net.minecraft.server.level.ServerLevel/]: Tried to add entity the_anomaly:anomaly_viewer but it was marked as removed already
[25Feb2025 17:42:03.064] [Server thread/WARN] [net.minecraft.server.level.ServerLevel/]: Tried to add entity the_anomaly:anomaly_escape but it was marked as removed already
[25Feb2025 17:42:03.263] [Server thread/WARN] [net.minecraft.server.level.ServerLevel/]: Tried to add entity the_anomaly:anomaly_viewer but it was marked as removed already
[25Feb2025 17:42:03.263] [Server thread/WARN] [net.minecraft.server.level.ServerLevel/]: Tried to add entity the_anomaly:anomaly_trap but it was marked as removed already
[25Feb2025 17:42:08.013] [Server thread/WARN] [net.minecraft.server.level.ServerLevel/]: Tried to add entity the_anomaly:anomaly_escape but it was marked as removed already
[25Feb2025 17:42:12.163] [Server thread/WARN] [net.minecraft.server.level.ServerLevel/]: Tried to add entity the_anomaly:anomaly_trap but it was marked as removed already
[25Feb2025 17:42:12.264] [Server thread/WARN] [net.minecraft.server.level.ServerLevel/]: Tried to add entity the_anomaly:anomaly_trap but it was marked as removed already
[25Feb2025 17:42:14.763] [Server thread/WARN] [net.minecraft.server.level.ServerLevel/]: Tried to add entity the_anomaly:anomaly_viewer but it was marked as removed already
[25Feb2025 17:42:19.164] [Server thread/WARN] [net.minecraft.server.level.ServerLevel/]: Tried to add entity the_anomaly:anomaly_escape but it was marked as removed already
[25Feb2025 17:42:24.263] [Server thread/WARN] [net.minecraft.server.level.ServerLevel/]: Tried to add entity the_anomaly:anomaly_escape but it was marked as removed already
[25Feb2025 17:42:24.763] [Server thread/WARN] [net.minecraft.server.level.ServerLevel/]: Tried to add entity the_anomaly:anomaly_trap but it was marked as removed already
[25Feb2025 17:42:24.915] [Server thread/WARN] [net.minecraft.server.level.ServerLevel/]: Tried to add entity the_anomaly:anomaly_trap but it was marked as removed already
[25Feb2025 17:42:25.563] [Server thread/WARN] [net.minecraft.server.level.ServerLevel/]: Tried to add entity the_anomaly:anomaly_trap but it was marked as removed already
[25Feb2025 17:42:26.314] [Server thread/WARN] [net.minecraft.server.level.ServerLevel/]: Tried to add entity the_anomaly:anomaly_trap but it was marked as removed already
[25Feb2025 17:42:26.415] [Server thread/WARN] [net.minecraft.server.level.ServerLevel/]: Tried to add entity the_anomaly:anomaly_trap but it was marked as removed already
[25Feb2025 17:42:26.513] [Server thread/WARN] [net.minecraft.server.level.ServerLevel/]: Tried to add entity the_anomaly:anomaly_viewer but it was marked as removed already
[25Feb2025 17:42:26.564] [Server thread/WARN] [net.minecraft.server.level.ServerLevel/]: Tried to add entity the_anomaly:anomaly_escape but it was marked as removed already
[25Feb2025 17:42:28.564] [Server thread/WARN] [net.minecraft.server.level.ServerLevel/]: Tried to add entity the_anomaly:anomaly_escape but it was marked as removed already
[25Feb2025 17:42:28.965] [Server thread/WARN] [net.minecraft.server.level.ServerLevel/]: Tried to add entity the_anomaly:anomaly_viewer but it was marked as removed already
[25Feb2025 17:42:29.214] [Server thread/WARN] [net.minecraft.server.level.ServerLevel/]: Tried to add entity the_anomaly:anomaly_trap but it was marked as removed already
[25Feb2025 17:42:29.514] [Server thread/WARN] [net.minecraft.server.level.ServerLevel/]: Tried to add entity the_anomaly:anomaly_escape but it was marked as removed already
[25Feb2025 17:42:29.614] [Server thread/WARN] [net.minecraft.server.level.ServerLevel/]: Tried to add entity the_anomaly:anomaly_escape but it was marked as removed already
[25Feb2025 17:42:29.664] [Server thread/WARN] [net.minecraft.server.level.ServerLevel/]: Tried to add entity the_anomaly:anomaly_escape but it was marked as removed already
[25Feb2025 17:42:32.463] [Server thread/WARN] [net.minecraft.server.level.ServerLevel/]: Tried to add entity the_anomaly:anomaly_viewer but it was marked as removed already
[25Feb2025 17:42:33.314] [Server thread/WARN] [net.minecraft.server.level.ServerLevel/]: Tried to add entity the_anomaly:anomaly_escape but it was marked as removed already
[25Feb2025 17:42:33.514] [Server thread/WARN] [net.minecraft.server.level.ServerLevel/]: Tried to add entity the_anomaly:anomaly_trap but it was marked as removed already
[25Feb2025 17:42:33.913] [Server thread/WARN] [net.minecraft.server.level.ServerLevel/]: Tried to add entity the_anomaly:anomaly_trap but it was marked as removed already
[25Feb2025 17:42:43.613] [Server thread/WARN] [net.minecraft.server.level.ServerLevel/]: Tried to add entity the_anomaly:anomaly_trap but it was marked as removed already
[25Feb2025 17:42:44.366] [Server thread/WARN] [net.minecraft.server.level.ServerLevel/]: Tried to add entity the_anomaly:anomaly_trap but it was marked as removed already
[25Feb2025 17:42:45.014] [Server thread/WARN] [net.minecraft.server.level.ServerLevel/]: Tried to add entity the_anomaly:anomaly_escape but it was marked as removed already
[25Feb2025 17:42:50.513] [Server thread/WARN] [net.minecraft.server.level.ServerLevel/]: Tried to add entity the_anomaly:anomaly_trap but it was marked as removed already
[25Feb2025 17:42:50.514] [Server thread/WARN] [net.minecraft.server.level.ServerLevel/]: Tried to add entity the_anomaly:anomaly_viewer but it was marked as removed already
[25Feb2025 17:43:02.764] [Server thread/WARN] [net.minecraft.server.level.ServerLevel/]: Tried to add entity the_anomaly:anomaly_trap but it was marked as removed already
[25Feb2025 17:43:06.014] [Server thread/WARN] [net.minecraft.server.level.ServerLevel/]: Tried to add entity the_anomaly:anomaly_escape but it was marked as removed already
[25Feb2025 17:43:08.213] [Server thread/WARN] [net.minecraft.server.level.ServerLevel/]: Tried to add entity the_anomaly:anomaly_escape but it was marked as removed already
[25Feb2025 17:43:08.514] [Server thread/WARN] [net.minecraft.server.level.ServerLevel/]: Tried to add entity the_anomaly:anomaly_trap but it was marked as removed already
